ProteinAccession_GenomeAcc,GenomeAcc_ScientificName,TaxonomyID,ScientificName,Lineage,GenomeAccession,Genus,Species,URL
ABC69727__DQ335247.1,DQ335247.1_Bovine parvovirus-1,365609,Bovine parvovirus-1,Viruses;ssDNA viruses;Parvoviridae;Parvovirinae;Bocaparvovirus;Ungulate bocaparvovirus 1;Bovine parvovirus,DQ335247.1,Bocaparvovirus,Bovine parvovirus,http://www.ncbi.nlm.nih.gov/nuccore/DQ335247.1
AFH96872__JQ692585.1,JQ692585.1_Feline bocavirus,1174530,Feline bocavirus,Viruses;ssDNA viruses;Parvoviridae;Parvovirinae;Bocaparvovirus;Carnivore bocaparvovirus 3,JQ692585.1,Bocaparvovirus,Carnivore bocaparvovirus 3,http://www.ncbi.nlm.nih.gov/nuccore/JQ692585.1
ADK34009__HM145750.1,HM145750.1_Bocavirus gorilla/GBoV1/2009,864686,Bocavirus gorilla/GBoV1/2009,Viruses;ssDNA viruses;Parvoviridae;Parvovirinae;Bocaparvovirus;Primate bocaparvovirus 1;Gorilla bocavirus,HM145750.1,Bocaparvovirus,Gorilla bocavirus,http://www.ncbi.nlm.nih.gov/nuccore/HM145750.1
AEM37606__JN420365.1,JN420365.1_California sea lion bocavirus 3,1073961,California sea lion bocavirus 3,Viruses;ssDNA viruses;Parvoviridae;Parvovirinae;Bocaparvovirus;Pinniped bocaparvovirus 2,JN420365.1,Bocaparvovirus,Pinniped bocaparvovirus 2,http://www.ncbi.nlm.nih.gov/nuccore/JN420365.1
AEO37417__JF429834.1,JF429834.1_Porcine bocavirus 3,1084715,Porcine bocavirus 3,Viruses;ssDNA viruses;Parvoviridae;Parvovirinae;Bocaparvovirus;Ungulate bocaparvovirus 5,JF429834.1,Bocaparvovirus,Ungulate bocaparvovirus 5,http://www.ncbi.nlm.nih.gov/nuccore/JF429834.1
AEM37593__JN420361.1,JN420361.1_California sea lion bocavirus 1,1073959,California sea lion bocavirus 1,Viruses;ssDNA viruses;Parvoviridae;Parvovirinae;Bocaparvovirus;Pinniped bocaparvovirus 1,JN420361.1,Bocaparvovirus,Pinniped bocaparvovirus 1,http://www.ncbi.nlm.nih.gov/nuccore/JN420361.1
AES86015__JN648103.1,JN648103.1_Canine bocavirus 1,1511885,Canine bocavirus 1,Viruses;ssDNA viruses;Parvoviridae;Parvovirinae;Bocaparvovirus;Carnivore bocaparvovirus 2,JN648103.1,Bocaparvovirus,Carnivore bocaparvovirus 2,http://www.ncbi.nlm.nih.gov/nuccore/JN648103.1
ACH81927__EU918736.1,EU918736.1_Human bocavirus 3,638313,Human bocavirus 3,Viruses;ssDNA viruses;Parvoviridae;Parvovirinae;Bocaparvovirus;Primate bocaparvovirus 1,EU918736.1,Bocaparvovirus,Primate bocaparvovirus 1,http://www.ncbi.nlm.nih.gov/nuccore/EU918736.1
AGF85783__KC580640.1,KC580640.1_Canine bocavirus 3,1295080,Canine bocavirus 3,Viruses;ssDNA viruses;Parvoviridae;Parvovirinae;Bocaparvovirus;unclassified Bocaparvovirus,KC580640.1,Bocaparvovirus,unclassified Bocaparvovirus,http://www.ncbi.nlm.nih.gov/nuccore/KC580640.1
ACJ38931__FJ170278.1,FJ170278.1_Human bocavirus 2c PK,1511882,Human bocavirus 2c PK,Viruses;ssDNA viruses;Parvoviridae;Parvovirinae;Bocaparvovirus;Primate bocaparvovirus 2,FJ170278.1,Bocaparvovirus,Primate bocaparvovirus 2,http://www.ncbi.nlm.nih.gov/nuccore/FJ170278.1
ACL31580__FJ214110.1,FJ214110.1_Canine minute virus,329639,Canine minute virus,Viruses;ssDNA viruses;Parvoviridae;Parvovirinae;Bocaparvovirus;Carnivore bocaparvovirus 1,FJ214110.1,Bocaparvovirus,Carnivore bocaparvovirus 1,http://www.ncbi.nlm.nih.gov/nuccore/FJ214110.1
CAA25689__X01457.1,X01457.1_H-1 parvovirus,10799,H-1 parvovirus,Viruses;ssDNA viruses;Parvoviridae;Parvovirinae;Protoparvovirus;Rodent protoparvovirus 1,X01457.1,Protoparvovirus,Rodent protoparvovirus 1,http://www.ncbi.nlm.nih.gov/nuccore/X01457.1
ACT09660__GQ200736.1,GQ200736.1_Chipmunk parvovirus,56820,Chipmunk parvovirus,Viruses;ssDNA viruses;Parvoviridae;Parvovirinae;Erythroparvovirus;Rodent erythroparvovirus 1,GQ200736.1,Erythroparvovirus,Rodent erythroparvovirus 1,http://www.ncbi.nlm.nih.gov/nuccore/GQ200736.1
ADI60252__HM053693.2,HM053693.2_Porcine bocavirus 1 pig/ZJD/China/2006,795694,Porcine bocavirus 1 pig/ZJD/China/2006,Viruses;ssDNA viruses;Parvoviridae;Parvovirinae;Bocaparvovirus;Ungulate bocaparvovirus 2;Porcine bocavirus 1,HM053693.2,Bocaparvovirus,Porcine bocavirus 1,http://www.ncbi.nlm.nih.gov/nuccore/HM053693.2
ADI60252__HM053693.2,HM053693.2_Porcine bocavirus 1 pig/ZJD/China/2006,795694,Porcine bocavirus 1 pig/ZJD/China/2006,Viruses;ssDNA viruses;Parvoviridae;Parvovirinae;Bocaparvovirus;Ungulate bocaparvovirus 2;Porcine bocavirus 1,HM053693.2,Bocaparvovirus,Porcine bocavirus 1,http://www.ncbi.nlm.nih.gov/nuccore/HM053693.2
ADD22705__GU214704.1,GU214704.1_Chicken parvovirus ABU-P1,717641,Chicken parvovirus ABU-P1,Viruses;ssDNA viruses;Parvoviridae;Parvovirinae;Aveparvovirus;Galliform aveparvovirus 1,GU214704.1,Aveparvovirus,Galliform aveparvovirus 1,http://www.ncbi.nlm.nih.gov/nuccore/GU214704.1
AEX38011__JQ037753.1,JQ037753.1_Eidolon helvum (bat) parvovirus,1131483,Eidolon helvum (bat) parvovirus,Viruses;ssDNA viruses;Parvoviridae;Parvovirinae;Tetraparvovirus;Chiropteran tetraparvovirus 1,JQ037753.1,Tetraparvovirus,Chiropteran tetraparvovirus 1,http://www.ncbi.nlm.nih.gov/nuccore/JQ037753.1
AAA74973__U26342.1,U26342.1_Simian parvovirus,31598,Simian parvovirus,Viruses;ssDNA viruses;Parvoviridae;Parvovirinae;Erythroparvovirus;Primate erythroparvovirus 2,U26342.1,Erythroparvovirus,Primate erythroparvovirus 2,http://www.ncbi.nlm.nih.gov/nuccore/U26342.1
AAF61212__AF221122.1,AF221122.1_Rhesus macaque parvovirus,119756,Rhesus macaque parvovirus,Viruses;ssDNA viruses;Parvoviridae;Parvovirinae;Erythroparvovirus;Primate erythroparvovirus 3,AF221122.1,Erythroparvovirus,Primate erythroparvovirus 3,http://www.ncbi.nlm.nih.gov/nuccore/AF221122.1
ADF32027__GU938300.1,GU938300.1_Parvovirus YX-2010/CHN,754189,Parvovirus YX-2010/CHN,Viruses;ssDNA viruses;Parvoviridae;Parvovirinae;Tetraparvovirus;Ungulate tetraparvovirus 3;Porcine Cnvirus,GU938300.1,Tetraparvovirus,Porcine Cnvirus,http://www.ncbi.nlm.nih.gov/nuccore/GU938300.1
AAF61213__AF221123.1,AF221123.1_Pig-tailed macaque parvovirus,119755,Pig-tailed macaque parvovirus,Viruses;ssDNA viruses;Parvoviridae;Parvovirinae;Erythroparvovirus;Primate erythroparvovirus 4,AF221123.1,Erythroparvovirus,Primate erythroparvovirus 4,http://www.ncbi.nlm.nih.gov/nuccore/AF221123.1
AAC40694__AF036710.1,AF036710.1_Rat parvovirus 1,74581,Rat parvovirus 1,Viruses;ssDNA viruses;Parvoviridae;Parvovirinae;Protoparvovirus;Rodent protoparvovirus 2,AF036710.1,Protoparvovirus,Rodent protoparvovirus 2,http://www.ncbi.nlm.nih.gov/nuccore/AF036710.1
AAL55416__AY064475.1,AY064475.1_Human parvovirus B19 - A6,182494,Human parvovirus B19 - A6,Viruses;ssDNA viruses;Parvoviridae;Parvovirinae;Erythroparvovirus;Primate erythroparvovirus 1;Human parvovirus B19,AY064475.1,Erythroparvovirus,Human parvovirus B19,http://www.ncbi.nlm.nih.gov/nuccore/AY064475.1
ACD37375__EU659111.1,EU659111.1_Feline panleukopenia virus,10786,Feline panleukopenia virus,Viruses;ssDNA viruses;Parvoviridae;Parvovirinae;Protoparvovirus;Carnivore protoparvovirus 1,EU659111.1,Protoparvovirus,Carnivore protoparvovirus 1,http://www.ncbi.nlm.nih.gov/nuccore/EU659111.1
AEX30511__JN831651.1,JN831651.1_Porcine bocavirus 5/JS677,1131622,Porcine bocavirus 5/JS677,Viruses;ssDNA viruses;Parvoviridae;Parvovirinae;Bocaparvovirus;unclassified Bocaparvovirus;Porcine bocavirus 5,JN831651.1,Bocaparvovirus,Porcine bocavirus 5,http://www.ncbi.nlm.nih.gov/nuccore/JN831651.1
AAO32086__AY186198.1,AY186198.1_Avian adeno-associated virus ATCC VR-865,219704,Avian adeno-associated virus ATCC VR-865,Viruses;ssDNA viruses;Parvoviridae;Parvovirinae;Dependoparvovirus;unclassified Dependovirus,AY186198.1,Dependoparvovirus,unclassified Dependovirus,http://www.ncbi.nlm.nih.gov/nuccore/AY186198.1
ADM26648__HQ113143.1,HQ113143.1_Chimpanzee parv4,1511922,Chimpanzee parv4,Viruses;ssDNA viruses;Parvoviridae;Parvovirinae;Tetraparvovirus;Primate tetraparvovirus 1,HQ113143.1,Tetraparvovirus,Primate tetraparvovirus 1,http://www.ncbi.nlm.nih.gov/nuccore/HQ113143.1
AAC40229__U44978.1,U44978.1_Porcine parvovirus,10796,Porcine parvovirus,Viruses;ssDNA viruses;Parvoviridae;Parvovirinae;Protoparvovirus;Ungulate protoparvovirus 1,U44978.1,Protoparvovirus,Ungulate protoparvovirus 1,http://www.ncbi.nlm.nih.gov/nuccore/U44978.1
AEQ76796__JF504699.1,JF504699.1_Ovine hokovirus,1096142,Ovine hokovirus,Viruses;ssDNA viruses;Parvoviridae;Parvovirinae;Tetraparvovirus;Ungulate tetraparvovirus 4,JF504699.1,Tetraparvovirus,Ungulate tetraparvovirus 4,http://www.ncbi.nlm.nih.gov/nuccore/JF504699.1
ABY67682__EU200669.1,EU200669.1_Bovine hokovirus 1,494651,Bovine hokovirus 1,Viruses;ssDNA viruses;Parvoviridae;Parvovirinae;Tetraparvovirus;Ungulate tetraparvovirus 1,EU200669.1,Tetraparvovirus,Ungulate tetraparvovirus 1,http://www.ncbi.nlm.nih.gov/nuccore/EU200669.1
AAL09673__AF406967.1,AF406967.1_Bovine parvovirus 3,172297,Bovine parvovirus 3,Viruses;ssDNA viruses;Parvoviridae;Parvovirinae;Erythroparvovirus;Ungulate erythroparvovirus 1,AF406967.1,Erythroparvovirus,Ungulate erythroparvovirus 1,http://www.ncbi.nlm.nih.gov/nuccore/AF406967.1
AAA66612__M20036.1,M20036.1_Aleutian mink disease virus,28314,Aleutian mink disease virus,Viruses;ssDNA viruses;Parvoviridae;Parvovirinae;Amdoparvovirus;Carnivore amdoparvovirus 1,M20036.1,Amdoparvovirus,Carnivore amdoparvovirus 1,http://www.ncbi.nlm.nih.gov/nuccore/M20036.1
AID57413__KJ396347.1,KJ396347.1_Raccoon dog amdovirus,1513315,Raccoon dog amdovirus,Viruses;ssDNA viruses;Parvoviridae;Parvovirinae;Amdoparvovirus;unclassified Amdoparvovirus,KJ396347.1,Amdoparvovirus,unclassified Amdoparvovirus,http://www.ncbi.nlm.nih.gov/nuccore/KJ396347.1
ADP36995__HQ223038.1,HQ223038.1_Bocavirus pig/SX/China/2010,912967,Bocavirus pig/SX/China/2010,Viruses;ssDNA viruses;Parvoviridae;Parvovirinae;Bocaparvovirus;Ungulate bocaparvovirus 3;Porcine bocavirus SX,HQ223038.1,Bocaparvovirus,Porcine bocavirus SX,http://www.ncbi.nlm.nih.gov/nuccore/HQ223038.1
ABY67706__EU200677.1,EU200677.1_Porcine hokovirus,494652,Porcine hokovirus,Viruses;ssDNA viruses;Parvoviridae;Parvovirinae;Tetraparvovirus;Ungulate tetraparvovirus 2,EU200677.1,Tetraparvovirus,Ungulate tetraparvovirus 2,http://www.ncbi.nlm.nih.gov/nuccore/EU200677.1
AEI99166__HQ291308.1,HQ291308.1_Porcine bocavirus H18,1511887,Porcine bocavirus H18,Viruses;ssDNA viruses;Parvoviridae;Parvovirinae;Bocaparvovirus;Ungulate bocaparvovirus 4,HQ291308.1,Bocaparvovirus,Ungulate bocaparvovirus 4,http://www.ncbi.nlm.nih.gov/nuccore/HQ291308.1
AIC77176__KJ631100.1,KJ631100.1_Tumor virus X,1507809,Tumor virus X,Viruses;ssDNA viruses;Parvoviridae;Parvovirinae;Protoparvovirus;Rodent protoparvovirus 1,KJ631100.1,Protoparvovirus,Rodent protoparvovirus 1,http://www.ncbi.nlm.nih.gov/nuccore/KJ631100.1
AEP95278__JN202450.1,JN202450.1_Gray fox amdovirus,1093101,Gray fox amdovirus,Viruses;ssDNA viruses;Parvoviridae;Parvovirinae;Amdoparvovirus;Carnivore amdoparvovirus 2,JN202450.1,Amdoparvovirus,Carnivore amdoparvovirus 2,http://www.ncbi.nlm.nih.gov/nuccore/JN202450.1
AGW95844__KC876004.1,KC876004.1_Pigeon parvovirus A,1399967,Pigeon parvovirus A,Viruses;ssDNA viruses;Parvoviridae;unclassified Parvoviridae,KC876004.1,,unclassified Parvoviridae,http://www.ncbi.nlm.nih.gov/nuccore/KC876004.1
AAA83224__U22967.1,U22967.1_Muscovy duck parvovirus,37325,Muscovy duck parvovirus,Viruses;ssDNA viruses;Parvoviridae;Parvovirinae;Dependoparvovirus;Anseriform dependoparvovirus 1;Duck parvovirus,U22967.1,Dependoparvovirus,Duck parvovirus,http://www.ncbi.nlm.nih.gov/nuccore/U22967.1
AAN03856__AF513852.1,AF513852.1_Adeno-associated virus - 8,202813,Adeno-associated virus - 8,Viruses;ssDNA viruses;Parvoviridae;Parvovirinae;Dependoparvovirus;Adeno-associated dependoparvovirus A;Adeno-associated virus - 4,AF513852.1,Dependoparvovirus,Adeno-associated virus - 4,http://www.ncbi.nlm.nih.gov/nuccore/AF513852.1
AAB95451__AF028705.1,AF028705.1_Adeno-associated virus 3B,68742,Adeno-associated virus 3B,Viruses;ssDNA viruses;Parvoviridae;Parvovirinae;Dependoparvovirus;Adeno-associated dependoparvovirus A;Adeno-associated virus - 3,AF028705.1,Dependoparvovirus,Adeno-associated virus - 3,http://www.ncbi.nlm.nih.gov/nuccore/AF028705.1
AAC03775__AF043303.1,AF043303.1_Adeno-associated virus - 2,10804,Adeno-associated virus - 2,Viruses;ssDNA viruses;Parvoviridae;Parvovirinae;Dependoparvovirus;Adeno-associated dependoparvovirus A,AF043303.1,Dependoparvovirus,Adeno-associated dependoparvovirus A,http://www.ncbi.nlm.nih.gov/nuccore/AF043303.1
ABI16638__DQ813647.1,DQ813647.1_Adeno-associated virus 12,235458,Adeno-associated virus 12,Viruses;ssDNA viruses;Parvoviridae;Parvovirinae;Dependoparvovirus;Adeno-associated dependoparvovirus A;Adeno-associated virus - 4,DQ813647.1,Dependoparvovirus,Adeno-associated virus - 4,http://www.ncbi.nlm.nih.gov/nuccore/DQ813647.1
ADD17085__GU226971.1,GU226971.1_Bat adeno-associated virus YNM,727962,Bat adeno-associated virus YNM,Viruses;ssDNA viruses;Parvoviridae;Parvovirinae;Dependoparvovirus;unclassified Dependovirus,GU226971.1,Dependoparvovirus,unclassified Dependovirus,http://www.ncbi.nlm.nih.gov/nuccore/GU226971.1
AAR26464__AY388617.1,AY388617.1_Bovine adeno-associated virus,256548,Bovine adeno-associated virus,Viruses;ssDNA viruses;Parvoviridae;Parvovirinae;Dependoparvovirus;Adeno-associated dependoparvovirus B,AY388617.1,Dependoparvovirus,Adeno-associated dependoparvovirus B,http://www.ncbi.nlm.nih.gov/nuccore/AY388617.1
AAD13755__AF085716.1,AF085716.1_Adeno-associated virus - 5,82300,Adeno-associated virus - 5,Viruses;ssDNA viruses;Parvoviridae;Parvovirinae;Dependoparvovirus;Adeno-associated dependoparvovirus B,AF085716.1,Dependoparvovirus,Adeno-associated dependoparvovirus B,http://www.ncbi.nlm.nih.gov/nuccore/AF085716.1
AEM37643__JN420372.1,JN420372.1_California sea lion adeno-associated virus 1,1073950,California sea lion adeno-associated virus 1,Viruses;ssDNA viruses;Parvoviridae;Parvovirinae;Dependoparvovirus;Pinniped dependoparvovirus 1,JN420372.1,Dependoparvovirus,Pinniped dependoparvovirus 1,http://www.ncbi.nlm.nih.gov/nuccore/JN420372.1
ADB20207__GQ387499.1,GQ387499.1_Porcine parvovirus 4,707546,Porcine parvovirus 4,Viruses;ssDNA viruses;Parvoviridae;Parvovirinae;Copiparvovirus;Ungulate copiparvovirus 2,GQ387499.1,Copiparvovirus,Ungulate copiparvovirus 2,http://www.ncbi.nlm.nih.gov/nuccore/GQ387499.1
AIZ50117__KP120516.1,KP120516.1_Slow loris parvovirus 1,1581151,Slow loris parvovirus 1,Viruses;ssDNA viruses;Parvoviridae;unclassified Parvoviridae,KP120516.1,,unclassified Parvoviridae,http://www.ncbi.nlm.nih.gov/nuccore/KP120516.1
AAR07954__AY349010.1,AY349010.1_Snake adeno-associated virus,252602,Snake adeno-associated virus,Viruses;ssDNA viruses;Parvoviridae;Parvovirinae;Dependoparvovirus;Squamate dependoparvovirus 1,AY349010.1,Dependoparvovirus,Squamate dependoparvovirus 1,http://www.ncbi.nlm.nih.gov/nuccore/AY349010.1
AIE58040__KM035804.1,KM035804.1_Sesavirus CSL10538,1519097,Sesavirus CSL10538,Viruses;ssDNA viruses;Parvoviridae;unclassified Parvoviridae,KM035804.1,,unclassified Parvoviridae,http://www.ncbi.nlm.nih.gov/nuccore/KM035804.1
AAL09671__AF406966.1,AF406966.1_Bovine parvovirus - 2,172296,Bovine parvovirus - 2,Viruses;ssDNA viruses;Parvoviridae;Parvovirinae;Copiparvovirus;Ungulate copiparvovirus 1,AF406966.1,Copiparvovirus,Ungulate copiparvovirus 1,http://www.ncbi.nlm.nih.gov/nuccore/AF406966.1
YP_009259490__KU172421,KU172421_Ungulate bocaparvovirus 6,1864484,Ungulate bocaparvovirus 6,Viruses;ssDNA viruses;Parvoviridae;Parvovirinae;Bocaparvovirus;unclassified Bocaparvovirus,KU172421,Bocaparvovirus,unclassified Bocaparvovirus,http://www.ncbi.nlm.nih.gov/nuccore/KU172421
AHK26969__KF025380.1,KF025380.1_Porcine bocavirus 3,1084715,Porcine bocavirus 3,Viruses;ssDNA viruses;Parvoviridae;Parvovirinae;Bocaparvovirus;Ungulate bocaparvovirus 5,KF025380.1,Bocaparvovirus,Ungulate bocaparvovirus 5,http://www.ncbi.nlm.nih.gov/nuccore/KF025380.1
YP_009272913__KU950356,KU950356_Mink bocavirus,1891972,Mink bocavirus,Viruses;ssDNA viruses;Parvoviridae;Parvovirinae;Bocaparvovirus;unclassified Bocaparvovirus,KU950356,Bocaparvovirus,unclassified Bocaparvovirus,http://www.ncbi.nlm.nih.gov/nuccore/KU950356
AGS15053__KF206158.1,KF206158.1_Porcine bocavirus,1165907,Porcine bocavirus,Viruses;ssDNA viruses;Parvoviridae;Parvovirinae;Bocaparvovirus;unclassified Bocaparvovirus,KF206158.1,Bocaparvovirus,unclassified Bocaparvovirus,http://www.ncbi.nlm.nih.gov/nuccore/KF206158.1
AGL09957__KC339251.1,KC339251.1_Bat bocavirus,1329649,Bat bocavirus,Viruses;ssDNA viruses;Parvoviridae;Parvovirinae;Bocaparvovirus;unclassified Bocaparvovirus,KC339251.1,Bocaparvovirus,unclassified Bocaparvovirus,http://www.ncbi.nlm.nih.gov/nuccore/KC339251.1
BAU88511__LC148407.1,LC148407.1_Feline bocavirus,1174530,Feline bocavirus,Viruses;ssDNA viruses;Parvoviridae;Parvovirinae;Bocaparvovirus;Carnivore bocaparvovirus 3,LC148407.1,Bocaparvovirus,Carnivore bocaparvovirus 3,http://www.ncbi.nlm.nih.gov/nuccore/LC148407.1
AII82250__KM017744.1,KM017744.1_Feline bocavirus,1174530,Feline bocavirus,Viruses;ssDNA viruses;Parvoviridae;Parvovirinae;Bocaparvovirus;Carnivore bocaparvovirus 3,KM017744.1,Bocaparvovirus,Carnivore bocaparvovirus 3,http://www.ncbi.nlm.nih.gov/nuccore/KM017744.1
YP_009229908__KT592508,KT592508_Bat bocavirus,1329649,Bat bocavirus,Viruses;ssDNA viruses;Parvoviridae;Parvovirinae;Bocaparvovirus;unclassified Bocaparvovirus,KT592508,Bocaparvovirus,unclassified Bocaparvovirus,http://www.ncbi.nlm.nih.gov/nuccore/KT592508
AFR53039__JQ923422.1,JQ923422.1_Human bocavirus,329641,Human bocavirus,Viruses;ssDNA viruses;Parvoviridae;Parvovirinae;Bocaparvovirus;unclassified Bocaparvovirus,JQ923422.1,Bocaparvovirus,unclassified Bocaparvovirus,http://www.ncbi.nlm.nih.gov/nuccore/JQ923422.1
YP_002916059__FJ973561,FJ973561_Human bocavirus 4 NI,1511883,Human bocavirus 4 NI,Viruses;ssDNA viruses;Parvoviridae;Parvovirinae;Bocaparvovirus;Primate bocaparvovirus 2,FJ973561,Bocaparvovirus,Primate bocaparvovirus 2,http://www.ncbi.nlm.nih.gov/nuccore/FJ973561
AKG54800__KP281720.1,KP281720.1_Canine bocavirus,1108949,Canine bocavirus,Viruses;ssDNA viruses;Parvoviridae;Parvovirinae;Bocaparvovirus;unclassified Bocaparvovirus,KP281720.1,Bocaparvovirus,unclassified Bocaparvovirus,http://www.ncbi.nlm.nih.gov/nuccore/KP281720.1
YP_009227290__KT454512,KT454512_Rat bocavirus,1788315,Rat bocavirus,Viruses;ssDNA viruses;Parvoviridae;Parvovirinae;Bocaparvovirus;unclassified Bocaparvovirus,KT454512,Bocaparvovirus,unclassified Bocaparvovirus,http://www.ncbi.nlm.nih.gov/nuccore/KT454512
AGL09956__KC339250.1,KC339250.1_Bat bocavirus,1329649,Bat bocavirus,Viruses;ssDNA viruses;Parvoviridae;Parvovirinae;Bocaparvovirus;unclassified Bocaparvovirus,KC339250.1,Bocaparvovirus,unclassified Bocaparvovirus,http://www.ncbi.nlm.nih.gov/nuccore/KC339250.1
AFK85003__JQ814850.1,JQ814850.1_Myotis myotis bocavirus 1,1195367,Myotis myotis bocavirus 1,Viruses;ssDNA viruses;Parvoviridae;Parvovirinae;Bocaparvovirus;unclassified Bocaparvovirus,JQ814850.1,Bocaparvovirus,unclassified Bocaparvovirus,http://www.ncbi.nlm.nih.gov/nuccore/JQ814850.1
YP_009215301__KP729195,KP729195_Rabbit bocaparvovirus,1769949,Rabbit bocaparvovirus,Viruses;ssDNA viruses;Parvoviridae;Parvovirinae;Bocaparvovirus;unclassified Bocaparvovirus,KP729195,Bocaparvovirus,unclassified Bocaparvovirus,http://www.ncbi.nlm.nih.gov/nuccore/KP729195
AGS15039__KF206154.1,KF206154.1_Porcine bocavirus,1165907,Porcine bocavirus,Viruses;ssDNA viruses;Parvoviridae;Parvovirinae;Bocaparvovirus;unclassified Bocaparvovirus,KF206154.1,Bocaparvovirus,unclassified Bocaparvovirus,http://www.ncbi.nlm.nih.gov/nuccore/KF206154.1
BAS32608__AB982223.1,AB982223.1_Bufavirus-3,1391667,Bufavirus-3,Viruses;ssDNA viruses;Parvoviridae;Parvovirinae;unclassified Parvovirinae,AB982223.1,unclassified Parvovirinae,unclassified Parvovirinae,http://www.ncbi.nlm.nih.gov/nuccore/AB982223.1
AIW53333__KM254174.1,KM254174.1_Protoparvovirus HK-2014,1566336,Protoparvovirus HK-2014,Viruses;ssDNA viruses;Parvoviridae;Parvovirinae;Protoparvovirus;unclassified Protoparvovirus,KM254174.1,Protoparvovirus,unclassified Protoparvovirus,http://www.ncbi.nlm.nih.gov/nuccore/KM254174.1
AGS15077__KF206164.1,KF206164.1_Porcine bocavirus,1165907,Porcine bocavirus,Viruses;ssDNA viruses;Parvoviridae;Parvovirinae;Bocaparvovirus;unclassified Bocaparvovirus,KF206164.1,Bocaparvovirus,unclassified Bocaparvovirus,http://www.ncbi.nlm.nih.gov/nuccore/KF206164.1
AHA86835__KF373759.1,KF373759.1_Seal parvovirus,1427158,Seal parvovirus,Viruses;ssDNA viruses;Parvoviridae;Parvovirinae;Protoparvovirus;unclassified Protoparvovirus,KF373759.1,Protoparvovirus,unclassified Protoparvovirus,http://www.ncbi.nlm.nih.gov/nuccore/KF373759.1
AEF33726__JF512473.1,JF512473.1_Porcine bocavirus 4/F41/N.Ireland/2004,1033267,Porcine bocavirus 4/F41/N.Ireland/2004,Viruses;ssDNA viruses;Parvoviridae;Parvovirinae;Bocaparvovirus;unclassified Bocaparvovirus;Porcine bocavirus 4,JF512473.1,Bocaparvovirus,Porcine bocavirus 4,http://www.ncbi.nlm.nih.gov/nuccore/JF512473.1
YP_009010974__KF360033,KF360033_Porcine bocavirus,1165907,Porcine bocavirus,Viruses;ssDNA viruses;Parvoviridae;Parvovirinae;Bocaparvovirus;unclassified Bocaparvovirus,KF360033,Bocaparvovirus,unclassified Bocaparvovirus,http://www.ncbi.nlm.nih.gov/nuccore/KF360033
AHK26987__KF025386.1,KF025386.1_Porcine bocavirus 3,1084715,Porcine bocavirus 3,Viruses;ssDNA viruses;Parvoviridae;Parvovirinae;Bocaparvovirus;Ungulate bocaparvovirus 5,KF025386.1,Bocaparvovirus,Ungulate bocaparvovirus 5,http://www.ncbi.nlm.nih.gov/nuccore/KF025386.1
AGS15085__KF206166.1,KF206166.1_Porcine bocavirus,1165907,Porcine bocavirus,Viruses;ssDNA viruses;Parvoviridae;Parvovirinae;Bocaparvovirus;unclassified Bocaparvovirus,KF206166.1,Bocaparvovirus,unclassified Bocaparvovirus,http://www.ncbi.nlm.nih.gov/nuccore/KF206166.1
AFV48069__JX627576.1,JX627576.1_WUHARV Parvovirus 1,1245561,WUHARV Parvovirus 1,Viruses;ssDNA viruses;Parvoviridae;Parvovirinae;Protoparvovirus;unclassified Protoparvovirus,JX627576.1,Protoparvovirus,unclassified Protoparvovirus,http://www.ncbi.nlm.nih.gov/nuccore/JX627576.1
AFD01617__JN798211.1,JN798211.1_Parvovirus 4-like MK-2012,1157691,Parvovirus 4-like MK-2012,Viruses;ssDNA viruses;Parvoviridae;Parvovirinae;Protoparvovirus;unclassified Protoparvovirus,JN798211.1,Protoparvovirus,unclassified Protoparvovirus,http://www.ncbi.nlm.nih.gov/nuccore/JN798211.1
AFD01602__JN798204.1,JN798204.1_Parvovirus 4-like MK-2012,1157691,Parvovirus 4-like MK-2012,Viruses;ssDNA viruses;Parvoviridae;Parvovirinae;Protoparvovirus;unclassified Protoparvovirus,JN798204.1,Protoparvovirus,unclassified Protoparvovirus,http://www.ncbi.nlm.nih.gov/nuccore/JN798204.1
ABV71710__EU175872.1,EU175872.1_Human parvovirus 4,289365,Human parvovirus 4,Viruses;ssDNA viruses;Parvoviridae;Parvovirinae;Tetraparvovirus;Primate tetraparvovirus 1,EU175872.1,Tetraparvovirus,Primate tetraparvovirus 1,http://www.ncbi.nlm.nih.gov/nuccore/EU175872.1
AOE23875__KX384823.1,KX384823.1_Porcine parvovirus 6,1472911,Porcine parvovirus 6,Viruses;ssDNA viruses;Parvoviridae;Parvovirinae;Protoparvovirus;unclassified Protoparvovirus,KX384823.1,Protoparvovirus,unclassified Protoparvovirus,http://www.ncbi.nlm.nih.gov/nuccore/KX384823.1
AMS35109__KT868815.1,KT868815.1_Cutavirus,1867125,Cutavirus,Viruses;ssDNA viruses;Parvoviridae;Parvovirinae;unclassified Parvovirinae,KT868815.1,unclassified Parvovirinae,unclassified Parvovirinae,http://www.ncbi.nlm.nih.gov/nuccore/KT868815.1
ANY57893__KX272741.1,KX272741.1_Rat parvovirus 2,1885571,Rat parvovirus 2,Viruses;ssDNA viruses;Parvoviridae;Parvovirinae;unclassified Parvovirinae;Chapparvovirus,KX272741.1,unclassified Parvovirinae,Chapparvovirus,http://www.ncbi.nlm.nih.gov/nuccore/KX272741.1
AOL02446__KX583629.1,KX583629.1_Adeno-associated virus,272636,Adeno-associated virus,Viruses;ssDNA viruses;Parvoviridae;Parvovirinae;Dependoparvovirus;unclassified Dependovirus,KX583629.1,Dependoparvovirus,unclassified Dependovirus,http://www.ncbi.nlm.nih.gov/nuccore/KX583629.1
YP_009186840__KT716186,KT716186_Rat bufavirus SY-2015,1763507,Rat bufavirus SY-2015,Viruses;ssDNA viruses;Parvoviridae;Parvovirinae;Protoparvovirus;unclassified Protoparvovirus,KT716186,Protoparvovirus,unclassified Protoparvovirus,http://www.ncbi.nlm.nih.gov/nuccore/KT716186
YP_009241376__LC085675,LC085675_Megabat bufavirus 1,1756191,Megabat bufavirus 1,Viruses;ssDNA viruses;Parvoviridae;Parvovirinae;Protoparvovirus;unclassified Protoparvovirus,LC085675,Protoparvovirus,unclassified Protoparvovirus,http://www.ncbi.nlm.nih.gov/nuccore/LC085675
ACY54678__GU108231.1,GU108231.1_Aleutian mink disease virus,28314,Aleutian mink disease virus,Viruses;ssDNA viruses;Parvoviridae;Parvovirinae;Amdoparvovirus;Carnivore amdoparvovirus 1,GU108231.1,Amdoparvovirus,Carnivore amdoparvovirus 1,http://www.ncbi.nlm.nih.gov/nuccore/GU108231.1
ALA40028__KT329428.1,KT329428.1_Aleutian mink disease virus,28314,Aleutian mink disease virus,Viruses;ssDNA viruses;Parvoviridae;Parvovirinae;Amdoparvovirus;Carnivore amdoparvovirus 1,KT329428.1,Amdoparvovirus,Carnivore amdoparvovirus 1,http://www.ncbi.nlm.nih.gov/nuccore/KT329428.1
AME15910__KT878962.1,KT878962.1_Aleutian mink disease virus,28314,Aleutian mink disease virus,Viruses;ssDNA viruses;Parvoviridae;Parvovirinae;Amdoparvovirus;Carnivore amdoparvovirus 1,KT878962.1,Amdoparvovirus,Carnivore amdoparvovirus 1,http://www.ncbi.nlm.nih.gov/nuccore/KT878962.1
AME15905__KT878961.1,KT878961.1_Aleutian mink disease virus,28314,Aleutian mink disease virus,Viruses;ssDNA viruses;Parvoviridae;Parvovirinae;Amdoparvovirus;Carnivore amdoparvovirus 1,KT878961.1,Amdoparvovirus,Carnivore amdoparvovirus 1,http://www.ncbi.nlm.nih.gov/nuccore/KT878961.1
YP_009130650__AB937988,AB937988_Mpulungu bufavirus,1580058,Mpulungu bufavirus,Viruses;ssDNA viruses;Parvoviridae;Parvovirinae;Protoparvovirus;unclassified Protoparvovirus,AB937988,Protoparvovirus,unclassified Protoparvovirus,http://www.ncbi.nlm.nih.gov/nuccore/AB937988
ADN44566__GQ869543.1,GQ869543.1_Porcine hokovirus,494652,Porcine hokovirus,Viruses;ssDNA viruses;Parvoviridae;Parvovirinae;Tetraparvovirus;Ungulate tetraparvovirus 2,GQ869543.1,Tetraparvovirus,Ungulate tetraparvovirus 2,http://www.ncbi.nlm.nih.gov/nuccore/GQ869543.1
ADN44563__GQ869542.1,GQ869542.1_Porcine hokovirus,494652,Porcine hokovirus,Viruses;ssDNA viruses;Parvoviridae;Parvovirinae;Tetraparvovirus;Ungulate tetraparvovirus 2,GQ869542.1,Tetraparvovirus,Ungulate tetraparvovirus 2,http://www.ncbi.nlm.nih.gov/nuccore/GQ869542.1
AFM30852__JQ177083.1,JQ177083.1_Porcine hokovirus,494652,Porcine hokovirus,Viruses;ssDNA viruses;Parvoviridae;Parvovirinae;Tetraparvovirus;Ungulate tetraparvovirus 2,JQ177083.1,Tetraparvovirus,Ungulate tetraparvovirus 2,http://www.ncbi.nlm.nih.gov/nuccore/JQ177083.1
AOM63303__KT935529.1,KT935529.1_Goose parvovirus,38251,Goose parvovirus,Viruses;ssDNA viruses;Parvoviridae;Parvovirinae;Dependoparvovirus;Anseriform dependoparvovirus 1,KT935529.1,Dependoparvovirus,Anseriform dependoparvovirus 1,http://www.ncbi.nlm.nih.gov/nuccore/KT935529.1
AIT18928__KJ495710.1,KJ495710.1_Tusavirus 1,1560340,Tusavirus 1,Viruses;ssDNA viruses;Parvoviridae;Parvovirinae;Protoparvovirus;unclassified Protoparvovirus,KJ495710.1,Protoparvovirus,unclassified Protoparvovirus,http://www.ncbi.nlm.nih.gov/nuccore/KJ495710.1
YP_005097851__JQ037754,JQ037754_Artibeus jamaicensis parvovirus 1,1131485,Artibeus jamaicensis parvovirus 1,Viruses;ssDNA viruses;Parvoviridae;Parvovirinae;unclassified Parvovirinae,JQ037754,unclassified Parvovirinae,unclassified Parvovirinae,http://www.ncbi.nlm.nih.gov/nuccore/JQ037754
BAR72999__LC011425.1,LC011425.1_Mfuwe bufavirus,1580060,Mfuwe bufavirus,Viruses;ssDNA viruses;Parvoviridae;Parvovirinae;Protoparvovirus;unclassified Protoparvovirus,LC011425.1,Protoparvovirus,unclassified Protoparvovirus,http://www.ncbi.nlm.nih.gov/nuccore/LC011425.1
ALR74754__KT965075.1,KT965075.1_Protoparvovirus Zsana/2013/HUN,1755694,Protoparvovirus Zsana/2013/HUN,Viruses;ssDNA viruses;Parvoviridae;Parvovirinae;Protoparvovirus;unclassified Protoparvovirus,KT965075.1,Protoparvovirus,unclassified Protoparvovirus,http://www.ncbi.nlm.nih.gov/nuccore/KT965075.1
AOT82271__KU745628.1,KU745628.1_Porcine parvovirus 5,1241957,Porcine parvovirus 5,Viruses;ssDNA viruses;Parvoviridae;Parvovirinae;Protoparvovirus;unclassified Protoparvovirus,KU745628.1,Protoparvovirus,unclassified Protoparvovirus,http://www.ncbi.nlm.nih.gov/nuccore/KU745628.1
AIF74237__KJ641680.1,KJ641680.1_Bat parvovirus,1514704,Bat parvovirus,Viruses;ssDNA viruses;Parvoviridae;Parvovirinae;unclassified Parvovirinae,KJ641680.1,unclassified Parvovirinae,unclassified Parvovirinae,http://www.ncbi.nlm.nih.gov/nuccore/KJ641680.1
AIF74198__KJ641663.1,KJ641663.1_Bat parvovirus,1514704,Bat parvovirus,Viruses;ssDNA viruses;Parvoviridae;Parvovirinae;unclassified Parvovirinae,KJ641663.1,unclassified Parvovirinae,unclassified Parvovirinae,http://www.ncbi.nlm.nih.gov/nuccore/KJ641663.1
YP_009154712__KP733794,KP733794_Bearded dragon parvovirus,1670662,Bearded dragon parvovirus,Viruses;ssDNA viruses;Parvoviridae;Parvovirinae;Dependoparvovirus;unclassified Dependovirus,KP733794,Dependoparvovirus,unclassified Dependovirus,http://www.ncbi.nlm.nih.gov/nuccore/KP733794
AIF74223__KJ641671.1,KJ641671.1_Bat parvovirus,1514704,Bat parvovirus,Viruses;ssDNA viruses;Parvoviridae;Parvovirinae;unclassified Parvovirinae,KJ641671.1,unclassified Parvovirinae,unclassified Parvovirinae,http://www.ncbi.nlm.nih.gov/nuccore/KJ641671.1
AIF74245__KJ641683.1,KJ641683.1_Bat parvovirus,1514704,Bat parvovirus,Viruses;ssDNA viruses;Parvoviridae;Parvovirinae;unclassified Parvovirinae,KJ641683.1,unclassified Parvovirinae,unclassified Parvovirinae,http://www.ncbi.nlm.nih.gov/nuccore/KJ641683.1
BAR42282__LC011438.1,LC011438.1_Solwezi bufavirus,1580061,Solwezi bufavirus,Viruses;ssDNA viruses;Parvoviridae;Parvovirinae;Protoparvovirus;unclassified Protoparvovirus,LC011438.1,Protoparvovirus,unclassified Protoparvovirus,http://www.ncbi.nlm.nih.gov/nuccore/LC011438.1
AKI82155__KR261072.1,KR261072.1_Parvovirus fur seal/ATROP41/BR/2012,1659801,Parvovirus fur seal/ATROP41/BR/2012,Viruses;ssDNA viruses;Parvoviridae;Parvovirinae;unclassified Parvovirinae,KR261072.1,unclassified Parvovirinae,unclassified Parvovirinae,http://www.ncbi.nlm.nih.gov/nuccore/KR261072.1
AAK95573__AY044267.1,AY044267.1_Human parvovirus B19,10798,Human parvovirus B19,Viruses;ssDNA viruses;Parvoviridae;Parvovirinae;Erythroparvovirus;Primate erythroparvovirus 1,AY044267.1,Erythroparvovirus,Primate erythroparvovirus 1,http://www.ncbi.nlm.nih.gov/nuccore/AY044267.1
BAU69595__LC085666.1,LC085666.1_Megabat bufavirus 2,1756189,Megabat bufavirus 2,Viruses;ssDNA viruses;Parvoviridae;Parvovirinae;Protoparvovirus;unclassified Protoparvovirus,LC085666.1,Protoparvovirus,unclassified Protoparvovirus,http://www.ncbi.nlm.nih.gov/nuccore/LC085666.1
