ProteinAccession,TaxonomyID,SpeciesName,GenomeAccession,Lineage,Genus2,URL
ABC69727,365609,Bovine parvovirus-1,DQ335247.1,Viruses;ssDNA viruses;Parvoviridae;Parvovirinae;Bocaparvovirus;Ungulate bocaparvovirus 1;Bovine parvovirus,Bocaparvovirus,http://www.ncbi.nlm.nih.gov/nuccore/DQ335247.1
P27454,10808,Aedes densonucleosis virus (STRAIN GKV 002 002),,Viruses;ssDNA viruses;Parvoviridae;Densovirinae;Brevidensovirus;Dipteran brevidensovirus 1;Aedes aegypti densovirus,Brevidensovirus,http://www.ncbi.nlm.nih.gov/nuccore/
Q90185,648330,Aedes albopictus densovirus Boublik/1994,,Viruses;ssDNA viruses;Parvoviridae;Densovirinae;Brevidensovirus;Dipteran brevidensovirus 1;Aedes albopictus densovirus,Brevidensovirus,http://www.ncbi.nlm.nih.gov/nuccore/
AFH96872,1174530,Feline bocavirus,JQ692585.1,Viruses;ssDNA viruses;Parvoviridae;Parvovirinae;Bocaparvovirus;Carnivore bocaparvovirus 3,Bocaparvovirus,http://www.ncbi.nlm.nih.gov/nuccore/JQ692585.1
ADK34009,864686,Bocavirus gorilla/GBoV1/2009,HM145750.1,Viruses;ssDNA viruses;Parvoviridae;Parvovirinae;Bocaparvovirus;Primate bocaparvovirus 1;Gorilla bocavirus,Bocaparvovirus,http://www.ncbi.nlm.nih.gov/nuccore/HM145750.1
AEM37606,1073961,California sea lion bocavirus 3,JN420365.1,Viruses;ssDNA viruses;Parvoviridae;Parvovirinae;Bocaparvovirus;Pinniped bocaparvovirus 2,Bocaparvovirus,http://www.ncbi.nlm.nih.gov/nuccore/JN420365.1
AEO37421,1084717,Porcine bocavirus 4-1,JF429835.1,Viruses;ssDNA viruses;Parvoviridae;Parvovirinae;Bocaparvovirus;Ungulate bocaparvovirus 5,Bocaparvovirus,http://www.ncbi.nlm.nih.gov/nuccore/JF429835.1
AEO37417,1084715,Porcine bocavirus 3,JF429834.1,Viruses;ssDNA viruses;Parvoviridae;Parvovirinae;Bocaparvovirus;Ungulate bocaparvovirus 5,Bocaparvovirus,http://www.ncbi.nlm.nih.gov/nuccore/JF429834.1
AEO37421,1084717,Porcine bocavirus 4-1,JF429835.1,Viruses;ssDNA viruses;Parvoviridae;Parvovirinae;Bocaparvovirus;Ungulate bocaparvovirus 5,Bocaparvovirus,http://www.ncbi.nlm.nih.gov/nuccore/JF429835.1
AAN41665,210016,Myzus persicae densovirus,AY148187.1,Viruses;ssDNA viruses;Parvoviridae;Densovirinae;unclassified Densovirinae,unclassified Densovirinae,http://www.ncbi.nlm.nih.gov/nuccore/AY148187.1
AES86015,1511885,Canine bocavirus 1,JN648103.1,Viruses;ssDNA viruses;Parvoviridae;Parvovirinae;Bocaparvovirus;Carnivore bocaparvovirus 2,Bocaparvovirus,http://www.ncbi.nlm.nih.gov/nuccore/JN648103.1
AEM37593,1073959,California sea lion bocavirus 1,JN420361.1,Viruses;ssDNA viruses;Parvoviridae;Parvovirinae;Bocaparvovirus;Pinniped bocaparvovirus 1,Bocaparvovirus,http://www.ncbi.nlm.nih.gov/nuccore/JN420361.1
AAY45700,329641,Human bocavirus,DQ000496.1,Viruses;ssDNA viruses;Parvoviridae;Parvovirinae;Bocaparvovirus;unclassified Bocaparvovirus,Bocaparvovirus,http://www.ncbi.nlm.nih.gov/nuccore/DQ000496.1
ACH81927,638313,Human bocavirus 3,EU918736.1,Viruses;ssDNA viruses;Parvoviridae;Parvovirinae;Bocaparvovirus;Primate bocaparvovirus 1,Bocaparvovirus,http://www.ncbi.nlm.nih.gov/nuccore/EU918736.1
AGF85783,1295080,Canine bocavirus 3,KC580640.1,Viruses;ssDNA viruses;Parvoviridae;Parvovirinae;Bocaparvovirus;unclassified Bocaparvovirus,Bocaparvovirus,http://www.ncbi.nlm.nih.gov/nuccore/KC580640.1
ACR15778,1511883,Human bocavirus 4 NI,FJ973561.2,Viruses;ssDNA viruses;Parvoviridae;Parvovirinae;Bocaparvovirus;Primate bocaparvovirus 2,Bocaparvovirus,http://www.ncbi.nlm.nih.gov/nuccore/FJ973561.2
ACR15767,1511880,Human bocavirus 2a TU,FJ973558.1,Viruses;ssDNA viruses;Parvoviridae;Parvovirinae;Bocaparvovirus;Primate bocaparvovirus 2,Bocaparvovirus,http://www.ncbi.nlm.nih.gov/nuccore/FJ973558.1
ACJ38931,1511882,Human bocavirus 2c PK,FJ170278.1,Viruses;ssDNA viruses;Parvoviridae;Parvovirinae;Bocaparvovirus;Primate bocaparvovirus 2,Bocaparvovirus,http://www.ncbi.nlm.nih.gov/nuccore/FJ170278.1
ACR15767,1511880,Human bocavirus 2a TU,FJ973558.1,Viruses;ssDNA viruses;Parvoviridae;Parvovirinae;Bocaparvovirus;Primate bocaparvovirus 2,Bocaparvovirus,http://www.ncbi.nlm.nih.gov/nuccore/FJ973558.1
ACR15778,1511883,Human bocavirus 4 NI,FJ973561.2,Viruses;ssDNA viruses;Parvoviridae;Parvovirinae;Bocaparvovirus;Primate bocaparvovirus 2,Bocaparvovirus,http://www.ncbi.nlm.nih.gov/nuccore/FJ973561.2
ACL31580,329639,Canine minute virus,FJ214110.1,Viruses;ssDNA viruses;Parvoviridae;Parvovirinae;Bocaparvovirus;Carnivore bocaparvovirus 1,Bocaparvovirus,http://www.ncbi.nlm.nih.gov/nuccore/FJ214110.1
YP_164339,292208,Dendrolimus punctatus densovirus,NC_006555.1,Viruses;ssDNA viruses;Parvoviridae;Densovirinae;Iteradensovirus;Lepidopteran iteradensovirus 3,Iteradensovirus,http://www.ncbi.nlm.nih.gov/nuccore/NC_006555.1
AAG10007,1513225,Penaeus stylirostris penstyldensovirus 1,AF273215.1,Viruses;ssDNA viruses;Parvoviridae;Densovirinae;Penstyldensovirus;Decapod penstyldensovirus 1,Penstyldensovirus,http://www.ncbi.nlm.nih.gov/nuccore/AF273215.1
AGW23423,1513224,Decapod penstyldensovirus 1,KF214742.1,Viruses;ssDNA viruses;Parvoviridae;Densovirinae;Penstyldensovirus,Penstyldensovirus,http://www.ncbi.nlm.nih.gov/nuccore/KF214742.1
ACV52075,1513226,Penaeus monodon penstyldensovirus 1,GQ411199.1,Viruses;ssDNA viruses;Parvoviridae;Densovirinae;Penstyldensovirus;Decapod penstyldensovirus 1,Penstyldensovirus,http://www.ncbi.nlm.nih.gov/nuccore/GQ411199.1
YP_006589928,1221208,Papilio polyxenes densovirus,NC_018450.1,Viruses;ssDNA viruses;Parvoviridae;Densovirinae;Iteradensovirus;Lepidopteran iteradensovirus 4,Iteradensovirus,http://www.ncbi.nlm.nih.gov/nuccore/NC_018450.1
NP_694838,180586,Casphalia extranea densovirus,NC_004288.1,Viruses;ssDNA viruses;Parvoviridae;Densovirinae;Iteradensovirus;Lepidopteran iteradensovirus 2,Iteradensovirus,http://www.ncbi.nlm.nih.gov/nuccore/NC_004288.1
AAA67108,10794,Minute virus of mice,J02275.1,Viruses;ssDNA viruses;Parvoviridae;Parvovirinae;Protoparvovirus;Rodent protoparvovirus 1,Protoparvovirus,http://www.ncbi.nlm.nih.gov/nuccore/J02275.1
AAA69566,10794,Minute virus of mice,M12032.1,Viruses;ssDNA viruses;Parvoviridae;Parvovirinae;Protoparvovirus;Rodent protoparvovirus 1,Protoparvovirus,http://www.ncbi.nlm.nih.gov/nuccore/M12032.1
AAM93275,172385,Rat minute virus 1a,AF332882.1,Viruses;ssDNA viruses;Parvoviridae;Parvovirinae;Protoparvovirus;unclassified Protoparvovirus;Rat minute virus 1,Protoparvovirus,http://www.ncbi.nlm.nih.gov/nuccore/AF332882.1
CAA25689,10799,H-1 parvovirus,X01457.1,Viruses;ssDNA viruses;Parvoviridae;Parvovirinae;Protoparvovirus;Rodent protoparvovirus 1,Protoparvovirus,http://www.ncbi.nlm.nih.gov/nuccore/X01457.1
U34255,,,,,U34255,http://www.ncbi.nlm.nih.gov/nuccore/
U34256,,,,,U34256,http://www.ncbi.nlm.nih.gov/nuccore/
AAA69566,10794,Minute virus of mice,M12032.1,Viruses;ssDNA viruses;Parvoviridae;Parvovirinae;Protoparvovirus;Rodent protoparvovirus 1,Protoparvovirus,http://www.ncbi.nlm.nih.gov/nuccore/M12032.1
AAA67108,10794,Minute virus of mice,J02275.1,Viruses;ssDNA viruses;Parvoviridae;Parvovirinae;Protoparvovirus;Rodent protoparvovirus 1,Protoparvovirus,http://www.ncbi.nlm.nih.gov/nuccore/J02275.1
AAM93275,172385,Rat minute virus 1a,AF332882.1,Viruses;ssDNA viruses;Parvoviridae;Parvovirinae;Protoparvovirus;unclassified Protoparvovirus;Rat minute virus 1,Protoparvovirus,http://www.ncbi.nlm.nih.gov/nuccore/AF332882.1
M81888,,,,,M81888,http://www.ncbi.nlm.nih.gov/nuccore/
ACT09660,56820,Chipmunk parvovirus,GQ200736.1,Viruses;ssDNA viruses;Parvoviridae;Parvovirinae;Erythroparvovirus;Rodent erythroparvovirus 1,Erythroparvovirus,http://www.ncbi.nlm.nih.gov/nuccore/GQ200736.1
ADI60256,795695,Porcine bocavirus 2 pig/ZJD/China/2006,HM053694.2,Viruses;ssDNA viruses;Parvoviridae;Parvovirinae;Bocaparvovirus;Ungulate bocaparvovirus 2;Porcine bocavirus 2,Bocaparvovirus,http://www.ncbi.nlm.nih.gov/nuccore/HM053694.2
ADI60252,795694,Porcine bocavirus 1 pig/ZJD/China/2006,HM053693.2,Viruses;ssDNA viruses;Parvoviridae;Parvovirinae;Bocaparvovirus;Ungulate bocaparvovirus 2;Porcine bocavirus 1,Bocaparvovirus,http://www.ncbi.nlm.nih.gov/nuccore/HM053693.2
AEI99170,1511884,Porcine bocavirus A6,HQ291309.1,Viruses;ssDNA viruses;Parvoviridae;Parvovirinae;Bocaparvovirus;Ungulate bocaparvovirus 2,Bocaparvovirus,http://www.ncbi.nlm.nih.gov/nuccore/HQ291309.1
ADI60252,795694,Porcine bocavirus 1 pig/ZJD/China/2006,HM053693.2,Viruses;ssDNA viruses;Parvoviridae;Parvovirinae;Bocaparvovirus;Ungulate bocaparvovirus 2;Porcine bocavirus 1,Bocaparvovirus,http://www.ncbi.nlm.nih.gov/nuccore/HM053693.2
ADI60256,795695,Porcine bocavirus 2 pig/ZJD/China/2006,HM053694.2,Viruses;ssDNA viruses;Parvoviridae;Parvovirinae;Bocaparvovirus;Ungulate bocaparvovirus 2;Porcine bocavirus 2,Bocaparvovirus,http://www.ncbi.nlm.nih.gov/nuccore/HM053694.2
AEI99170,1511884,Porcine bocavirus A6,HQ291309.1,Viruses;ssDNA viruses;Parvoviridae;Parvovirinae;Bocaparvovirus;Ungulate bocaparvovirus 2,Bocaparvovirus,http://www.ncbi.nlm.nih.gov/nuccore/HQ291309.1
ADD22705,717641,Chicken parvovirus ABU-P1,GU214704.1,Viruses;ssDNA viruses;Parvoviridae;Parvovirinae;Aveparvovirus;Galliform aveparvovirus 1,Aveparvovirus,http://www.ncbi.nlm.nih.gov/nuccore/GU214704.1
AEX38011,1131483,Eidolon helvum (bat) parvovirus,JQ037753.1,Viruses;ssDNA viruses;Parvoviridae;Parvovirinae;Tetraparvovirus;Chiropteran tetraparvovirus 1,Tetraparvovirus,http://www.ncbi.nlm.nih.gov/nuccore/JQ037753.1
AAA74973,31598,Simian parvovirus,U26342.1,Viruses;ssDNA viruses;Parvoviridae;Parvovirinae;Erythroparvovirus;Primate erythroparvovirus 2,Erythroparvovirus,http://www.ncbi.nlm.nih.gov/nuccore/U26342.1
AAF61212,119756,Rhesus macaque parvovirus,AF221122.1,Viruses;ssDNA viruses;Parvoviridae;Parvovirinae;Erythroparvovirus;Primate erythroparvovirus 3,Erythroparvovirus,http://www.ncbi.nlm.nih.gov/nuccore/AF221122.1
ADF32027,754189,Parvovirus YX-2010/CHN,GU938300.1,Viruses;ssDNA viruses;Parvoviridae;Parvovirinae;Tetraparvovirus;Ungulate tetraparvovirus 3;Porcine Cnvirus,Tetraparvovirus,http://www.ncbi.nlm.nih.gov/nuccore/GU938300.1
AAF61213,119755,Pig-tailed macaque parvovirus,AF221123.1,Viruses;ssDNA viruses;Parvoviridae;Parvovirinae;Erythroparvovirus;Primate erythroparvovirus 4,Erythroparvovirus,http://www.ncbi.nlm.nih.gov/nuccore/AF221123.1
AAC40694,74581,Rat parvovirus 1,AF036710.1,Viruses;ssDNA viruses;Parvoviridae;Parvovirinae;Protoparvovirus;Rodent protoparvovirus 2,Protoparvovirus,http://www.ncbi.nlm.nih.gov/nuccore/AF036710.1
AAL91012,10798,Human parvovirus B19,AY083234.1,Viruses;ssDNA viruses;Parvoviridae;Parvovirinae;Erythroparvovirus;Primate erythroparvovirus 1,Erythroparvovirus,http://www.ncbi.nlm.nih.gov/nuccore/AY083234.1
AAL55416,182494,Human parvovirus B19 - A6,AY064475.1,Viruses;ssDNA viruses;Parvoviridae;Parvovirinae;Erythroparvovirus;Primate erythroparvovirus 1;Human parvovirus B19,Erythroparvovirus,http://www.ncbi.nlm.nih.gov/nuccore/AY064475.1
AAA66866,10798,Human parvovirus B19,M13178.1,Viruses;ssDNA viruses;Parvoviridae;Parvovirinae;Erythroparvovirus;Primate erythroparvovirus 1,Erythroparvovirus,http://www.ncbi.nlm.nih.gov/nuccore/M13178.1
AAL55416,182494,Human parvovirus B19 - A6,AY064475.1,Viruses;ssDNA viruses;Parvoviridae;Parvovirinae;Erythroparvovirus;Primate erythroparvovirus 1;Human parvovirus B19,Erythroparvovirus,http://www.ncbi.nlm.nih.gov/nuccore/AY064475.1
AAA66866,10798,Human parvovirus B19,M13178.1,Viruses;ssDNA viruses;Parvoviridae;Parvovirinae;Erythroparvovirus;Primate erythroparvovirus 1,Erythroparvovirus,http://www.ncbi.nlm.nih.gov/nuccore/M13178.1
AAL91012,10798,Human parvovirus B19,AY083234.1,Viruses;ssDNA viruses;Parvoviridae;Parvovirinae;Erythroparvovirus;Primate erythroparvovirus 1,Erythroparvovirus,http://www.ncbi.nlm.nih.gov/nuccore/AY083234.1
YP_004678720,1045778,Helicoverpa armigera densovirus,NC_015718.1,Viruses;ssDNA viruses;Parvoviridae;Densovirinae;Iteradensovirus;Lepidopteran iteradensovirus 5,Iteradensovirus,http://www.ncbi.nlm.nih.gov/nuccore/NC_015718.1
ACD37375,10786,Feline panleukopenia virus,EU659111.1,Viruses;ssDNA viruses;Parvoviridae;Parvovirinae;Protoparvovirus;Carnivore protoparvovirus 1,Protoparvovirus,http://www.ncbi.nlm.nih.gov/nuccore/EU659111.1
AEX30511,1131622,Porcine bocavirus 5/JS677,JN831651.1,Viruses;ssDNA viruses;Parvoviridae;Parvovirinae;Bocaparvovirus;unclassified Bocaparvovirus;Porcine bocavirus 5,Bocaparvovirus,http://www.ncbi.nlm.nih.gov/nuccore/JN831651.1
AAO32086,219704,Avian adeno-associated virus ATCC VR-865,AY186198.1,Viruses;ssDNA viruses;Parvoviridae;Parvovirinae;Dependoparvovirus;unclassified Dependovirus,Dependoparvovirus,http://www.ncbi.nlm.nih.gov/nuccore/AY186198.1
ADM26648,1511922,Chimpanzee parv4,HQ113143.1,Viruses;ssDNA viruses;Parvoviridae;Parvovirinae;Tetraparvovirus;Primate tetraparvovirus 1,Tetraparvovirus,http://www.ncbi.nlm.nih.gov/nuccore/HQ113143.1
ACF94533,1511921,Human parv4 G3 (NG-OR),EU874248.1,Viruses;ssDNA viruses;Parvoviridae;Parvovirinae;Tetraparvovirus;Primate tetraparvovirus 1,Tetraparvovirus,http://www.ncbi.nlm.nih.gov/nuccore/EU874248.1
ABK00521,1511920,Human parv4 G2 (C25-5),DQ873391.1,Viruses;ssDNA viruses;Parvoviridae;Parvovirinae;Tetraparvovirus;Primate tetraparvovirus 1,Tetraparvovirus,http://www.ncbi.nlm.nih.gov/nuccore/DQ873391.1
AAU88153,1511919,Human parvovirus 4 G1,AY622943.1,Viruses;ssDNA viruses;Parvoviridae;Parvovirinae;Tetraparvovirus;Primate tetraparvovirus 1,Tetraparvovirus,http://www.ncbi.nlm.nih.gov/nuccore/AY622943.1
ADM26648,1511922,Chimpanzee parv4,HQ113143.1,Viruses;ssDNA viruses;Parvoviridae;Parvovirinae;Tetraparvovirus;Primate tetraparvovirus 1,Tetraparvovirus,http://www.ncbi.nlm.nih.gov/nuccore/HQ113143.1
AAU88153,1511919,Human parvovirus 4 G1,AY622943.1,Viruses;ssDNA viruses;Parvoviridae;Parvovirinae;Tetraparvovirus;Primate tetraparvovirus 1,Tetraparvovirus,http://www.ncbi.nlm.nih.gov/nuccore/AY622943.1
ABK00521,1511920,Human parv4 G2 (C25-5),DQ873391.1,Viruses;ssDNA viruses;Parvoviridae;Parvovirinae;Tetraparvovirus;Primate tetraparvovirus 1,Tetraparvovirus,http://www.ncbi.nlm.nih.gov/nuccore/DQ873391.1
ACF94533,1511921,Human parv4 G3 (NG-OR),EU874248.1,Viruses;ssDNA viruses;Parvoviridae;Parvovirinae;Tetraparvovirus;Primate tetraparvovirus 1,Tetraparvovirus,http://www.ncbi.nlm.nih.gov/nuccore/EU874248.1
AAC40229,10796,Porcine parvovirus,U44978.1,Viruses;ssDNA viruses;Parvoviridae;Parvovirinae;Protoparvovirus;Ungulate protoparvovirus 1,Protoparvovirus,http://www.ncbi.nlm.nih.gov/nuccore/U44978.1
AEQ76796,1096142,Ovine hokovirus,JF504699.1,Viruses;ssDNA viruses;Parvoviridae;Parvovirinae;Tetraparvovirus;Ungulate tetraparvovirus 4,Tetraparvovirus,http://www.ncbi.nlm.nih.gov/nuccore/JF504699.1
ABY67682,494651,Bovine hokovirus 1,EU200669.1,Viruses;ssDNA viruses;Parvoviridae;Parvovirinae;Tetraparvovirus;Ungulate tetraparvovirus 1,Tetraparvovirus,http://www.ncbi.nlm.nih.gov/nuccore/EU200669.1
AAL09673,172297,Bovine parvovirus 3,AF406967.1,Viruses;ssDNA viruses;Parvoviridae;Parvovirinae;Erythroparvovirus;Ungulate erythroparvovirus 1,Erythroparvovirus,http://www.ncbi.nlm.nih.gov/nuccore/AF406967.1
AAA66612,28314,Aleutian mink disease virus,M20036.1,Viruses;ssDNA viruses;Parvoviridae;Parvovirinae;Amdoparvovirus;Carnivore amdoparvovirus 1,Amdoparvovirus,http://www.ncbi.nlm.nih.gov/nuccore/M20036.1
AID57413,1513315,Raccoon dog amdovirus,KJ396347.1,Viruses;ssDNA viruses;Parvoviridae;Parvovirinae;Amdoparvovirus;unclassified Amdoparvovirus,Amdoparvovirus,http://www.ncbi.nlm.nih.gov/nuccore/KJ396347.1
ADP36995,912967,Bocavirus pig/SX/China/2010,HQ223038.1,Viruses;ssDNA viruses;Parvoviridae;Parvovirinae;Bocaparvovirus;Ungulate bocaparvovirus 3;Porcine bocavirus SX,Bocaparvovirus,http://www.ncbi.nlm.nih.gov/nuccore/HQ223038.1
ABY67706,494652,Porcine hokovirus,EU200677.1,Viruses;ssDNA viruses;Parvoviridae;Parvovirinae;Tetraparvovirus;Ungulate tetraparvovirus 2,Tetraparvovirus,http://www.ncbi.nlm.nih.gov/nuccore/EU200677.1
AEI99166,1511887,Porcine bocavirus H18,HQ291308.1,Viruses;ssDNA viruses;Parvoviridae;Parvovirinae;Bocaparvovirus;Ungulate bocaparvovirus 4,Bocaparvovirus,http://www.ncbi.nlm.nih.gov/nuccore/HQ291308.1
AIC77176,1507809,Tumor virus X,KJ631100.1,Viruses;ssDNA viruses;Parvoviridae;Parvovirinae;Protoparvovirus;Rodent protoparvovirus 1,Protoparvovirus,http://www.ncbi.nlm.nih.gov/nuccore/KJ631100.1
AEP95278,1093101,Gray fox amdovirus,JN202450.1,Viruses;ssDNA viruses;Parvoviridae;Parvovirinae;Amdoparvovirus;Carnivore amdoparvovirus 2,Amdoparvovirus,http://www.ncbi.nlm.nih.gov/nuccore/JN202450.1
AGW95844,1399967,Pigeon parvovirus A,KC876004.1,Viruses;ssDNA viruses;Parvoviridae;unclassified Parvoviridae,,http://www.ncbi.nlm.nih.gov/nuccore/KC876004.1
AAA83224,37325,Muscovy duck parvovirus,U22967.1,Viruses;ssDNA viruses;Parvoviridae;Parvovirinae;Dependoparvovirus;Anseriform dependoparvovirus 1;Duck parvovirus,Dependoparvovirus,http://www.ncbi.nlm.nih.gov/nuccore/U22967.1
AAA83229,38251,Goose parvovirus,U25749.1,Viruses;ssDNA viruses;Parvoviridae;Parvovirinae;Dependoparvovirus;Anseriform dependoparvovirus 1,Dependoparvovirus,http://www.ncbi.nlm.nih.gov/nuccore/U25749.1
AAA83224,37325,Muscovy duck parvovirus,U22967.1,Viruses;ssDNA viruses;Parvoviridae;Parvovirinae;Dependoparvovirus;Anseriform dependoparvovirus 1;Duck parvovirus,Dependoparvovirus,http://www.ncbi.nlm.nih.gov/nuccore/U22967.1
AAA83229,38251,Goose parvovirus,U25749.1,Viruses;ssDNA viruses;Parvoviridae;Parvovirinae;Dependoparvovirus;Anseriform dependoparvovirus 1,Dependoparvovirus,http://www.ncbi.nlm.nih.gov/nuccore/U25749.1
AAN03856,202813,Adeno-associated virus - 8,AF513852.1,Viruses;ssDNA viruses;Parvoviridae;Parvovirinae;Dependoparvovirus;Adeno-associated dependoparvovirus A;Adeno-associated virus - 4,Dependoparvovirus,http://www.ncbi.nlm.nih.gov/nuccore/AF513852.1
AAN03854,202812,Adeno-associated virus - 7,AF513851.1,Viruses;ssDNA viruses;Parvoviridae;Parvovirinae;Dependoparvovirus;Adeno-associated dependoparvovirus A;Adeno-associated virus - 4,Dependoparvovirus,http://www.ncbi.nlm.nih.gov/nuccore/AF513851.1
AAD27758,85106,Adeno-associated virus - 1,AF063497.1,Viruses;ssDNA viruses;Parvoviridae;Parvovirinae;Dependoparvovirus;Adeno-associated dependoparvovirus A,Dependoparvovirus,http://www.ncbi.nlm.nih.gov/nuccore/AF063497.1
AAN03854,202812,Adeno-associated virus - 7,AF513851.1,Viruses;ssDNA viruses;Parvoviridae;Parvovirinae;Dependoparvovirus;Adeno-associated dependoparvovirus A;Adeno-associated virus - 4,Dependoparvovirus,http://www.ncbi.nlm.nih.gov/nuccore/AF513851.1
AAT46336,235456,Adeno-associated virus 10,AY631965.1,Viruses;ssDNA viruses;Parvoviridae;Parvovirinae;Dependoparvovirus;Adeno-associated dependoparvovirus A;Adeno-associated virus - 4,Dependoparvovirus,http://www.ncbi.nlm.nih.gov/nuccore/AY631965.1
AAB95451,68742,Adeno-associated virus 3B,AF028705.1,Viruses;ssDNA viruses;Parvoviridae;Parvovirinae;Dependoparvovirus;Adeno-associated dependoparvovirus A;Adeno-associated virus - 3,Dependoparvovirus,http://www.ncbi.nlm.nih.gov/nuccore/AF028705.1
AAC58044,57579,Adeno-associated virus - 4,U89790.1,Viruses;ssDNA viruses;Parvoviridae;Parvovirinae;Dependoparvovirus;Adeno-associated dependoparvovirus A,Dependoparvovirus,http://www.ncbi.nlm.nih.gov/nuccore/U89790.1
AAC03775,10804,Adeno-associated virus - 2,AF043303.1,Viruses;ssDNA viruses;Parvoviridae;Parvovirinae;Dependoparvovirus;Adeno-associated dependoparvovirus A,Dependoparvovirus,http://www.ncbi.nlm.nih.gov/nuccore/AF043303.1
ABI16638,235458,Adeno-associated virus 12,DQ813647.1,Viruses;ssDNA viruses;Parvoviridae;Parvovirinae;Dependoparvovirus;Adeno-associated dependoparvovirus A;Adeno-associated virus - 4,Dependoparvovirus,http://www.ncbi.nlm.nih.gov/nuccore/DQ813647.1
ADD17085,727962,Bat adeno-associated virus YNM,GU226971.1,Viruses;ssDNA viruses;Parvoviridae;Parvovirinae;Dependoparvovirus;unclassified Dependovirus,Dependoparvovirus,http://www.ncbi.nlm.nih.gov/nuccore/GU226971.1
AAR26464,256548,Bovine adeno-associated virus,AY388617.1,Viruses;ssDNA viruses;Parvoviridae;Parvovirinae;Dependoparvovirus;Adeno-associated dependoparvovirus B,Dependoparvovirus,http://www.ncbi.nlm.nih.gov/nuccore/AY388617.1
AAD13755,82300,Adeno-associated virus - 5,AF085716.1,Viruses;ssDNA viruses;Parvoviridae;Parvovirinae;Dependoparvovirus;Adeno-associated dependoparvovirus B,Dependoparvovirus,http://www.ncbi.nlm.nih.gov/nuccore/AF085716.1
AEM37643,1073950,California sea lion adeno-associated virus 1,JN420372.1,Viruses;ssDNA viruses;Parvoviridae;Parvovirinae;Dependoparvovirus;Pinniped dependoparvovirus 1,Dependoparvovirus,http://www.ncbi.nlm.nih.gov/nuccore/JN420372.1
ADB20207,707546,Porcine parvovirus 4,GQ387499.1,Viruses;ssDNA viruses;Parvoviridae;Parvovirinae;Copiparvovirus;Ungulate copiparvovirus 2,Copiparvovirus,http://www.ncbi.nlm.nih.gov/nuccore/GQ387499.1
AIZ50117,1581151,Slow loris parvovirus 1,KP120516.1,Viruses;ssDNA viruses;Parvoviridae;unclassified Parvoviridae,,http://www.ncbi.nlm.nih.gov/nuccore/KP120516.1
YP_271915,1513204,Penaeus monodon hepandensovirus 1,NC_007218.1,Viruses;ssDNA viruses;Parvoviridae;Densovirinae;Hepandensovirus;Decapod hepandensovirus 1,Hepandensovirus,http://www.ncbi.nlm.nih.gov/nuccore/NC_007218.1
YP_227600,185639,Acheta domestica densovirus,NC_004290.1,Viruses;ssDNA viruses;Parvoviridae;Densovirinae;Ambidensovirus;Orthopteran ambidensovirus 1,Ambidensovirus,http://www.ncbi.nlm.nih.gov/nuccore/NC_004290.1
NP_694843,159153,Planococcus citri densovirus,NC_004289.1,Viruses;ssDNA viruses;Parvoviridae;Densovirinae;Ambidensovirus;Hemipteran ambidensovirus 1,Ambidensovirus,http://www.ncbi.nlm.nih.gov/nuccore/NC_004289.1
AIQ82699,340016,uncultured virus,KM052275.1,Viruses;environmental samples,,http://www.ncbi.nlm.nih.gov/nuccore/KM052275.1
AAR07954,252602,Snake adeno-associated virus,AY349010.1,Viruses;ssDNA viruses;Parvoviridae;Parvovirinae;Dependoparvovirus;Squamate dependoparvovirus 1,Dependoparvovirus,http://www.ncbi.nlm.nih.gov/nuccore/AY349010.1
YP_007003823,185637,Pseudoplusia includens densovirus,NC_019492.1,Viruses;ssDNA viruses;Parvoviridae;Densovirinae;Ambidensovirus;Lepidopteran ambidensovirus 1;Junonia coenia densovirus,Ambidensovirus,http://www.ncbi.nlm.nih.gov/nuccore/NC_019492.1
AIE58040,1519097,Sesavirus CSL10538,KM035804.1,Viruses;ssDNA viruses;Parvoviridae;unclassified Parvoviridae,,http://www.ncbi.nlm.nih.gov/nuccore/KM035804.1
YP_002887625,185638,Culex pipiens densovirus,NC_012685.1,Viruses;ssDNA viruses;Parvoviridae;Densovirinae;Ambidensovirus;Dipteran ambidensovirus 1,Ambidensovirus,http://www.ncbi.nlm.nih.gov/nuccore/NC_012685.1
AFK91980,1045778,Helicoverpa armigera densovirus,JQ894784.1,Viruses;ssDNA viruses;Parvoviridae;Densovirinae;Iteradensovirus;Lepidopteran iteradensovirus 5,Iteradensovirus,http://www.ncbi.nlm.nih.gov/nuccore/JQ894784.1
NP_051020,97344,Periplaneta fuliginosa densovirus,NC_000936.1,Viruses;ssDNA viruses;Parvoviridae;Densovirinae;Ambidensovirus;Blattodean ambidensovirus 1,Ambidensovirus,http://www.ncbi.nlm.nih.gov/nuccore/NC_000936.1
AAL09671,172296,Bovine parvovirus - 2,AF406966.1,Viruses;ssDNA viruses;Parvoviridae;Parvovirinae;Copiparvovirus;Ungulate copiparvovirus 1,Copiparvovirus,http://www.ncbi.nlm.nih.gov/nuccore/AF406966.1
AFC75858,1154691,Blattella germanica densovirus-like virus,JQ320376.1,Viruses;ssDNA viruses;Parvoviridae;Densovirinae;unclassified Densovirinae,unclassified Densovirinae,http://www.ncbi.nlm.nih.gov/nuccore/JQ320376.1
NP_874381,220638,Blattella germanica densovirus 1,NC_005041.2,Viruses;ssDNA viruses;Parvoviridae;Densovirinae;Ambidensovirus;Blattodean ambidensovirus 2,Ambidensovirus,http://www.ncbi.nlm.nih.gov/nuccore/NC_005041.2
YP_008658568,1404345,Acheta domesticus mini ambidensovirus,NC_022564.1,Viruses;ssDNA viruses;Parvoviridae;Densovirinae;unclassified Densovirinae,unclassified Densovirinae,http://www.ncbi.nlm.nih.gov/nuccore/NC_022564.1
YP_009259490,1864484,Ungulate bocaparvovirus 6,NC_030402.1,Viruses;ssDNA viruses;Parvoviridae;Parvovirinae;Bocaparvovirus;unclassified Bocaparvovirus,Bocaparvovirus,http://www.ncbi.nlm.nih.gov/nuccore/NC_030402.1
AHK26969,1084715,Porcine bocavirus 3,KF025380.1,Viruses;ssDNA viruses;Parvoviridae;Parvovirinae;Bocaparvovirus;Ungulate bocaparvovirus 5,Bocaparvovirus,http://www.ncbi.nlm.nih.gov/nuccore/KF025380.1
AGS15053,1165907,Porcine bocavirus,KF206158.1,Viruses;ssDNA viruses;Parvoviridae;Parvovirinae;Bocaparvovirus;unclassified Bocaparvovirus,Bocaparvovirus,http://www.ncbi.nlm.nih.gov/nuccore/KF206158.1
AGL09957,1329649,Bat bocavirus,KC339251.1,Viruses;ssDNA viruses;Parvoviridae;Parvovirinae;Bocaparvovirus;unclassified Bocaparvovirus,Bocaparvovirus,http://www.ncbi.nlm.nih.gov/nuccore/KC339251.1
BAU88511,1174530,Feline bocavirus,LC148407.1,Viruses;ssDNA viruses;Parvoviridae;Parvovirinae;Bocaparvovirus;Carnivore bocaparvovirus 3,Bocaparvovirus,http://www.ncbi.nlm.nih.gov/nuccore/LC148407.1
AII82250,1174530,Feline bocavirus,KM017744.1,Viruses;ssDNA viruses;Parvoviridae;Parvovirinae;Bocaparvovirus;Carnivore bocaparvovirus 3,Bocaparvovirus,http://www.ncbi.nlm.nih.gov/nuccore/KM017744.1
AJI02597,1607696,Mosquito densovirus HB-3,KM975734.1,Viruses;ssDNA viruses;Parvoviridae;Densovirinae;Brevidensovirus;unclassified Brevidensovirus,Brevidensovirus,http://www.ncbi.nlm.nih.gov/nuccore/KM975734.1
YP_009229908,1329649,Bat bocavirus,NC_029300.1,Viruses;ssDNA viruses;Parvoviridae;Parvovirinae;Bocaparvovirus;unclassified Bocaparvovirus,Bocaparvovirus,http://www.ncbi.nlm.nih.gov/nuccore/NC_029300.1
YP_002916059,1511883,Human bocavirus 4 NI,NC_012729.2,Viruses;ssDNA viruses;Parvoviridae;Parvovirinae;Bocaparvovirus;Primate bocaparvovirus 2,Bocaparvovirus,http://www.ncbi.nlm.nih.gov/nuccore/NC_012729.2
AKG54800,1108949,Canine bocavirus,KP281720.1,Viruses;ssDNA viruses;Parvoviridae;Parvovirinae;Bocaparvovirus;unclassified Bocaparvovirus,Bocaparvovirus,http://www.ncbi.nlm.nih.gov/nuccore/KP281720.1
YP_009227290,1788315,Rat bocavirus,NC_029133.1,Viruses;ssDNA viruses;Parvoviridae;Parvovirinae;Bocaparvovirus;unclassified Bocaparvovirus,Bocaparvovirus,http://www.ncbi.nlm.nih.gov/nuccore/NC_029133.1
NP_694834,125788,Bombyx mori densovirus 5,NC_004287.1,Viruses;ssDNA viruses;Parvoviridae;Densovirinae;Iteradensovirus;Lepidopteran iteradensovirus 1;Bombyx mori densovirus,Iteradensovirus,http://www.ncbi.nlm.nih.gov/nuccore/NC_004287.1
AIT71975,1561946,Hordeum marinum Itera-like densovirus,KM576800.1,Viruses;ssDNA viruses;Parvoviridae;Densovirinae;Iteradensovirus;unclassified Iteravirus,Iteradensovirus,http://www.ncbi.nlm.nih.gov/nuccore/KM576800.1
AGL09956,1329649,Bat bocavirus,KC339250.1,Viruses;ssDNA viruses;Parvoviridae;Parvovirinae;Bocaparvovirus;unclassified Bocaparvovirus,Bocaparvovirus,http://www.ncbi.nlm.nih.gov/nuccore/KC339250.1
AFK85003,1195367,Myotis myotis bocavirus 1,JQ814850.1,Viruses;ssDNA viruses;Parvoviridae;Parvovirinae;Bocaparvovirus;unclassified Bocaparvovirus,Bocaparvovirus,http://www.ncbi.nlm.nih.gov/nuccore/JQ814850.1
YP_009215301,1769949,Rabbit bocaparvovirus,NC_028973.1,Viruses;ssDNA viruses;Parvoviridae;Parvovirinae;Bocaparvovirus;unclassified Bocaparvovirus,Bocaparvovirus,http://www.ncbi.nlm.nih.gov/nuccore/NC_028973.1
AGS15039,1165907,Porcine bocavirus,KF206154.1,Viruses;ssDNA viruses;Parvoviridae;Parvovirinae;Bocaparvovirus;unclassified Bocaparvovirus,Bocaparvovirus,http://www.ncbi.nlm.nih.gov/nuccore/KF206154.1
ACI01073,551224,Dysaphis plantaginea densovirus,FJ040397.1,Viruses;ssDNA viruses;Parvoviridae;Densovirinae;unclassified Densovirinae,unclassified Densovirinae,http://www.ncbi.nlm.nih.gov/nuccore/FJ040397.1
AGK45548,1328105,Fox parvovirus,KC692368.1,Viruses;ssDNA viruses;Parvoviridae;unclassified Parvoviridae,,http://www.ncbi.nlm.nih.gov/nuccore/KC692368.1
YP_009256211,1776153,Diaphorina citri densovirus,NC_030296.1,Viruses;ssDNA viruses;Parvoviridae;Densovirinae;Ambidensovirus;unclassified Densovirus,Ambidensovirus,http://www.ncbi.nlm.nih.gov/nuccore/NC_030296.1
BAS32608,1391667,Bufavirus-3,AB982223.1,Viruses;ssDNA viruses;Parvoviridae;Parvovirinae;unclassified Parvovirinae,unclassified Parvovirinae,http://www.ncbi.nlm.nih.gov/nuccore/AB982223.1
AGS15077,1165907,Porcine bocavirus,KF206164.1,Viruses;ssDNA viruses;Parvoviridae;Parvovirinae;Bocaparvovirus;unclassified Bocaparvovirus,Bocaparvovirus,http://www.ncbi.nlm.nih.gov/nuccore/KF206164.1
AHA86835,1427158,Seal parvovirus,KF373759.1,Viruses;ssDNA viruses;Parvoviridae;Parvovirinae;Protoparvovirus;unclassified Protoparvovirus,Protoparvovirus,http://www.ncbi.nlm.nih.gov/nuccore/KF373759.1
AIY27459,1165907,Porcine bocavirus,KM402137.1,Viruses;ssDNA viruses;Parvoviridae;Parvovirinae;Bocaparvovirus;unclassified Bocaparvovirus,Bocaparvovirus,http://www.ncbi.nlm.nih.gov/nuccore/KM402137.1
YP_009010974,1165907,Porcine bocavirus,NC_023673.1,Viruses;ssDNA viruses;Parvoviridae;Parvovirinae;Bocaparvovirus;unclassified Bocaparvovirus,Bocaparvovirus,http://www.ncbi.nlm.nih.gov/nuccore/NC_023673.1
AHK26987,1084715,Porcine bocavirus 3,KF025386.1,Viruses;ssDNA viruses;Parvoviridae;Parvovirinae;Bocaparvovirus;Ungulate bocaparvovirus 5,Bocaparvovirus,http://www.ncbi.nlm.nih.gov/nuccore/KF025386.1
AGS15085,1165907,Porcine bocavirus,KF206166.1,Viruses;ssDNA viruses;Parvoviridae;Parvovirinae;Bocaparvovirus;unclassified Bocaparvovirus,Bocaparvovirus,http://www.ncbi.nlm.nih.gov/nuccore/KF206166.1
AFV48069,1245561,WUHARV Parvovirus 1,JX627576.1,Viruses;ssDNA viruses;Parvoviridae;Parvovirinae;Protoparvovirus;unclassified Protoparvovirus,Protoparvovirus,http://www.ncbi.nlm.nih.gov/nuccore/JX627576.1
AFD01617,1157691,Parvovirus 4-like MK-2012,JN798211.1,Viruses;ssDNA viruses;Parvoviridae;Parvovirinae;Protoparvovirus;unclassified Protoparvovirus,Protoparvovirus,http://www.ncbi.nlm.nih.gov/nuccore/JN798211.1
ABV71710,289365,Human parvovirus 4,EU175872.1,Viruses;ssDNA viruses;Parvoviridae;Parvovirinae;Tetraparvovirus;Primate tetraparvovirus 1,Tetraparvovirus,http://www.ncbi.nlm.nih.gov/nuccore/EU175872.1
ANO39503,1472911,Porcine parvovirus 6,KX273435.1,Viruses;ssDNA viruses;Parvoviridae;Parvovirinae;Protoparvovirus;unclassified Protoparvovirus,Protoparvovirus,http://www.ncbi.nlm.nih.gov/nuccore/KX273435.1
YP_009186840,1763507,Rat bufavirus SY-2015,NC_028650.1,Viruses;ssDNA viruses;Parvoviridae;Parvovirinae;Protoparvovirus;unclassified Protoparvovirus,Protoparvovirus,http://www.ncbi.nlm.nih.gov/nuccore/NC_028650.1
YP_009241376,1756191,Megabat bufavirus 1,NC_029797.1,Viruses;ssDNA viruses;Parvoviridae;Parvovirinae;Protoparvovirus;unclassified Protoparvovirus,Protoparvovirus,http://www.ncbi.nlm.nih.gov/nuccore/NC_029797.1
ALA40028,28314,Aleutian mink disease virus,KT329428.1,Viruses;ssDNA viruses;Parvoviridae;Parvovirinae;Amdoparvovirus;Carnivore amdoparvovirus 1,Amdoparvovirus,http://www.ncbi.nlm.nih.gov/nuccore/KT329428.1
AME15910,28314,Aleutian mink disease virus,KT878962.1,Viruses;ssDNA viruses;Parvoviridae;Parvovirinae;Amdoparvovirus;Carnivore amdoparvovirus 1,Amdoparvovirus,http://www.ncbi.nlm.nih.gov/nuccore/KT878962.1
AME15905,28314,Aleutian mink disease virus,KT878961.1,Viruses;ssDNA viruses;Parvoviridae;Parvovirinae;Amdoparvovirus;Carnivore amdoparvovirus 1,Amdoparvovirus,http://www.ncbi.nlm.nih.gov/nuccore/KT878961.1
YP_009130650,1580058,Mpulungu bufavirus,NC_026815.1,Viruses;ssDNA viruses;Parvoviridae;Parvovirinae;Protoparvovirus;unclassified Protoparvovirus,Protoparvovirus,http://www.ncbi.nlm.nih.gov/nuccore/NC_026815.1
ADN44566,494652,Porcine hokovirus,GQ869543.1,Viruses;ssDNA viruses;Parvoviridae;Parvovirinae;Tetraparvovirus;Ungulate tetraparvovirus 2,Tetraparvovirus,http://www.ncbi.nlm.nih.gov/nuccore/GQ869543.1
ABB76814,341673,Duck parvovirus,DQ250134.1,Viruses;ssDNA viruses;Parvoviridae;Parvovirinae;Dependoparvovirus;Anseriform dependoparvovirus 1,Dependoparvovirus,http://www.ncbi.nlm.nih.gov/nuccore/DQ250134.1
AIT18928,1560340,Tusavirus 1,KJ495710.1,Viruses;ssDNA viruses;Parvoviridae;Parvovirinae;Protoparvovirus;unclassified Protoparvovirus,Protoparvovirus,http://www.ncbi.nlm.nih.gov/nuccore/KJ495710.1
BAR72999,1580060,Mfuwe bufavirus,LC011425.1,Viruses;ssDNA viruses;Parvoviridae;Parvovirinae;Protoparvovirus;unclassified Protoparvovirus,Protoparvovirus,http://www.ncbi.nlm.nih.gov/nuccore/LC011425.1
CAA66227,28314,Aleutian mink disease virus,X97629.1,Viruses;ssDNA viruses;Parvoviridae;Parvovirinae;Amdoparvovirus;Carnivore amdoparvovirus 1,Amdoparvovirus,http://www.ncbi.nlm.nih.gov/nuccore/X97629.1
ALR74754,1755694,Protoparvovirus Zsana/2013/HUN,KT965075.1,Viruses;ssDNA viruses;Parvoviridae;Parvovirinae;Protoparvovirus;unclassified Protoparvovirus,Protoparvovirus,http://www.ncbi.nlm.nih.gov/nuccore/KT965075.1
ANM72090,1241957,Porcine parvovirus 5,KX352458.1,Viruses;ssDNA viruses;Parvoviridae;Parvovirinae;Protoparvovirus;unclassified Protoparvovirus,Protoparvovirus,http://www.ncbi.nlm.nih.gov/nuccore/KX352458.1
YP_009134732,1642018,Cherax quadricarinatus densovirus,NC_026943.1,Viruses;ssDNA viruses;Parvoviridae;Densovirinae;unclassified Densovirinae,unclassified Densovirinae,http://www.ncbi.nlm.nih.gov/nuccore/NC_026943.1
AIF74198,1514704,Bat parvovirus,KJ641663.1,Viruses;ssDNA viruses;Parvoviridae;Parvovirinae;unclassified Parvovirinae,unclassified Parvovirinae,http://www.ncbi.nlm.nih.gov/nuccore/KJ641663.1
YP_009154712,1670662,Bearded dragon parvovirus,NC_027429.1,Viruses;ssDNA viruses;Parvoviridae;Parvovirinae;Dependoparvovirus;unclassified Dependovirus,Dependoparvovirus,http://www.ncbi.nlm.nih.gov/nuccore/NC_027429.1
YP_008766862,1414671,Solenopsis invicta densovirus,NC_022748.1,Viruses;ssDNA viruses;Parvoviridae;Densovirinae;Ambidensovirus;unclassified Densovirus,Ambidensovirus,http://www.ncbi.nlm.nih.gov/nuccore/NC_022748.1