ABC69727__DQ335247.1,DQ335247.1_Bovine parvovirus-1,365609,Bovine parvovirus-1,Viruses;Parvoviridae;Parvovirinae;Bocaparvovirus;Ungulate bocaparvovirus 1;Bovine parvovirus,DQ335247.1,Ungulate bocaparvovirus 1,Bovine parvovirus,DQ335247.1_Viruses;Parvoviridae;Parvovirinae;Bocaparvovirus;Ungulate bocaparvovirus 1;Bovine parvovirus,ABC69727,DQ335247.1
AFH96872__JQ692585.1,JQ692585.1_Feline bocavirus,1174530,Feline bocavirus,Viruses;Parvoviridae;Parvovirinae;Bocaparvovirus;Carnivore bocaparvovirus 3,JQ692585.1,Carnivore bocaparvovirus 3,Carnivore bocaparvovirus 3,JQ692585.1_Viruses;Parvoviridae;Parvovirinae;Bocaparvovirus;Carnivore bocaparvovirus 3,AFH96872,JQ692585.1
ADK34009__HM145750.1,HM145750.1_Bocavirus gorilla/GBoV1/2009,864686,Bocavirus gorilla/GBoV1/2009,Viruses;Parvoviridae;Parvovirinae;Bocaparvovirus;Primate bocaparvovirus 1;Gorilla bocavirus,HM145750.1,Primate bocaparvovirus 1,Gorilla bocavirus,HM145750.1_Viruses;Parvoviridae;Parvovirinae;Bocaparvovirus;Primate bocaparvovirus 1;Gorilla bocavirus,ADK34009,HM145750.1
AEM37606__JN420365.1,JN420365.1_California sea lion bocavirus 3,1073961,California sea lion bocavirus 3,Viruses;Parvoviridae;Parvovirinae;Bocaparvovirus;Pinniped bocaparvovirus 2,JN420365.1,Pinniped bocaparvovirus 2,Pinniped bocaparvovirus 2,JN420365.1_Viruses;Parvoviridae;Parvovirinae;Bocaparvovirus;Pinniped bocaparvovirus 2,AEM37606,JN420365.1
AEO37417__JF429834.1,JF429834.1_Porcine bocavirus 3,1084715,Porcine bocavirus 3,Viruses;Parvoviridae;Parvovirinae;Bocaparvovirus;Ungulate bocaparvovirus 5,JF429834.1,Ungulate bocaparvovirus 5,Ungulate bocaparvovirus 5,JF429834.1_Viruses;Parvoviridae;Parvovirinae;Bocaparvovirus;Ungulate bocaparvovirus 5,AEO37417,JF429834.1
AGZ93685__KF792837.1,KF792837.1_Feline bocaparvovirus 2,1417756,Feline bocaparvovirus 2,Viruses;Parvoviridae;Parvovirinae;Bocaparvovirus;Carnivore bocaparvovirus 4,KF792837.1,Carnivore bocaparvovirus 4,Carnivore bocaparvovirus 4,KF792837.1_Viruses;Parvoviridae;Parvovirinae;Bocaparvovirus;Carnivore bocaparvovirus 4,AGZ93685,KF792837.1
AEM37593__JN420361.1,JN420361.1_California sea lion bocavirus 1,1073959,California sea lion bocavirus 1,Viruses;Parvoviridae;Parvovirinae;Bocaparvovirus;Pinniped bocaparvovirus 1,JN420361.1,Pinniped bocaparvovirus 1,Pinniped bocaparvovirus 1,JN420361.1_Viruses;Parvoviridae;Parvovirinae;Bocaparvovirus;Pinniped bocaparvovirus 1,AEM37593,JN420361.1
AES86015__JN648103.1,JN648103.1_Canine bocavirus 1,1511885,Canine bocavirus 1,Viruses;Parvoviridae;Parvovirinae;Bocaparvovirus;Carnivore bocaparvovirus 2,JN648103.1,Carnivore bocaparvovirus 2,Carnivore bocaparvovirus 2,JN648103.1_Viruses;Parvoviridae;Parvovirinae;Bocaparvovirus;Carnivore bocaparvovirus 2,AES86015,JN648103.1
AAY45700__DQ000496.1,DQ000496.1_Primate bocaparvovirus 1,1511871,Primate bocaparvovirus 1,Viruses;Parvoviridae;Parvovirinae;Bocaparvovirus,DQ000496.1,undef,Bocaparvovirus,DQ000496.1_Viruses;Parvoviridae;Parvovirinae;Bocaparvovirus,AAY45700,DQ000496.1
ACH81927__EU918736.1,EU918736.1_Human bocavirus 3,638313,Human bocavirus 3,Viruses;Parvoviridae;Parvovirinae;Bocaparvovirus;Primate bocaparvovirus 1,EU918736.1,Primate bocaparvovirus 1,Primate bocaparvovirus 1,EU918736.1_Viruses;Parvoviridae;Parvovirinae;Bocaparvovirus;Primate bocaparvovirus 1,ACH81927,EU918736.1
AGF85783__KC580640.1,KC580640.1_Canine bocavirus 3,1295080,Canine bocavirus 3,Viruses;Parvoviridae;Parvovirinae;Bocaparvovirus;unclassified Bocaparvovirus,KC580640.1,unclassified Bocaparvovirus,unclassified Bocaparvovirus,KC580640.1_Viruses;Parvoviridae;Parvovirinae;Bocaparvovirus;unclassified Bocaparvovirus,AGF85783,KC580640.1
ACR15767__FJ973558.1,FJ973558.1_Human bocavirus 2a TU,1511880,Human bocavirus 2a TU,Viruses;Parvoviridae;Parvovirinae;Bocaparvovirus;Primate bocaparvovirus 2,FJ973558.1,Primate bocaparvovirus 2,Primate bocaparvovirus 2,FJ973558.1_Viruses;Parvoviridae;Parvovirinae;Bocaparvovirus;Primate bocaparvovirus 2,ACR15767,FJ973558.1
ACL31580__FJ214110.1,FJ214110.1_Canine minute virus,329639,Canine minute virus,Viruses;Parvoviridae;Parvovirinae;Bocaparvovirus;Carnivore bocaparvovirus 1,FJ214110.1,Carnivore bocaparvovirus 1,Carnivore bocaparvovirus 1,FJ214110.1_Viruses;Parvoviridae;Parvovirinae;Bocaparvovirus;Carnivore bocaparvovirus 1,ACL31580,FJ214110.1
CAA25689__X01457.1,X01457.1_H-1 parvovirus,10799,H-1 parvovirus,Viruses;Parvoviridae;Parvovirinae;Protoparvovirus;Rodent protoparvovirus 1,X01457.1,Rodent protoparvovirus 1,Rodent protoparvovirus 1,X01457.1_Viruses;Parvoviridae;Parvovirinae;Protoparvovirus;Rodent protoparvovirus 1,CAA25689,X01457.1
ACT09660__GQ200736.1,GQ200736.1_Chipmunk parvovirus,56820,Chipmunk parvovirus,Viruses;Parvoviridae;Parvovirinae;Erythroparvovirus;Rodent erythroparvovirus 1,GQ200736.1,Rodent erythroparvovirus 1,Rodent erythroparvovirus 1,GQ200736.1_Viruses;Parvoviridae;Parvovirinae;Erythroparvovirus;Rodent erythroparvovirus 1,ACT09660,GQ200736.1
ADI60252__HM053693.2,HM053693.2_Porcine bocavirus 1 pig/ZJD/China/2006,795694,Porcine bocavirus 1 pig/ZJD/China/2006,Viruses;Parvoviridae;Parvovirinae;Bocaparvovirus;Ungulate bocaparvovirus 2;Porcine bocavirus 1,HM053693.2,Ungulate bocaparvovirus 2,Porcine bocavirus 1,HM053693.2_Viruses;Parvoviridae;Parvovirinae;Bocaparvovirus;Ungulate bocaparvovirus 2;Porcine bocavirus 1,ADI60252,HM053693.2
ADI60252__HM053693.2,HM053693.2_Porcine bocavirus 1 pig/ZJD/China/2006,795694,Porcine bocavirus 1 pig/ZJD/China/2006,Viruses;Parvoviridae;Parvovirinae;Bocaparvovirus;Ungulate bocaparvovirus 2;Porcine bocavirus 1,HM053693.2,Ungulate bocaparvovirus 2,Porcine bocavirus 1,HM053693.2_Viruses;Parvoviridae;Parvovirinae;Bocaparvovirus;Ungulate bocaparvovirus 2;Porcine bocavirus 1,ADI60252,HM053693.2
ADD22705__GU214704.1,GU214704.1_Chicken parvovirus ABU-P1,717641,Chicken parvovirus ABU-P1,Viruses;Parvoviridae;Parvovirinae;Aveparvovirus;Galliform aveparvovirus 1,GU214704.1,Galliform aveparvovirus 1,Galliform aveparvovirus 1,GU214704.1_Viruses;Parvoviridae;Parvovirinae;Aveparvovirus;Galliform aveparvovirus 1,ADD22705,GU214704.1
AEX38011__JQ037753.1,JQ037753.1_Eidolon helvum (bat) parvovirus,1131483,Eidolon helvum (bat) parvovirus,Viruses;Parvoviridae;Parvovirinae;Tetraparvovirus;Chiropteran tetraparvovirus 1,JQ037753.1,Chiropteran tetraparvovirus 1,Chiropteran tetraparvovirus 1,JQ037753.1_Viruses;Parvoviridae;Parvovirinae;Tetraparvovirus;Chiropteran tetraparvovirus 1,AEX38011,JQ037753.1
AAA74973__U26342.1,U26342.1_Simian parvovirus,31598,Simian parvovirus,Viruses;Parvoviridae;Parvovirinae;Erythroparvovirus;Primate erythroparvovirus 2,U26342.1,Primate erythroparvovirus 2,Primate erythroparvovirus 2,U26342.1_Viruses;Parvoviridae;Parvovirinae;Erythroparvovirus;Primate erythroparvovirus 2,AAA74973,U26342.1
AAF61212__AF221122.1,AF221122.1_Rhesus macaque parvovirus,119756,Rhesus macaque parvovirus,Viruses;Parvoviridae;Parvovirinae;Erythroparvovirus;Primate erythroparvovirus 3,AF221122.1,Primate erythroparvovirus 3,Primate erythroparvovirus 3,AF221122.1_Viruses;Parvoviridae;Parvovirinae;Erythroparvovirus;Primate erythroparvovirus 3,AAF61212,AF221122.1
ADF32027__GU938300.1,GU938300.1_Parvovirus YX-2010/CHN,754189,Parvovirus YX-2010/CHN,Viruses;Parvoviridae;Parvovirinae;Tetraparvovirus;Ungulate tetraparvovirus 3;Porcine Cnvirus,GU938300.1,Ungulate tetraparvovirus 3,Porcine Cnvirus,GU938300.1_Viruses;Parvoviridae;Parvovirinae;Tetraparvovirus;Ungulate tetraparvovirus 3;Porcine Cnvirus,ADF32027,GU938300.1
AAF61213__AF221123.1,AF221123.1_Pig-tailed macaque parvovirus,119755,Pig-tailed macaque parvovirus,Viruses;Parvoviridae;Parvovirinae;Erythroparvovirus;Primate erythroparvovirus 4,AF221123.1,Primate erythroparvovirus 4,Primate erythroparvovirus 4,AF221123.1_Viruses;Parvoviridae;Parvovirinae;Erythroparvovirus;Primate erythroparvovirus 4,AAF61213,AF221123.1
AAL55416__AY064475.1,AY064475.1_Human parvovirus B19 - A6,182494,Human parvovirus B19 - A6,Viruses;Parvoviridae;Parvovirinae;Erythroparvovirus;Primate erythroparvovirus 1;Human parvovirus B19,AY064475.1,Primate erythroparvovirus 1,Human parvovirus B19,AY064475.1_Viruses;Parvoviridae;Parvovirinae;Erythroparvovirus;Primate erythroparvovirus 1;Human parvovirus B19,AAL55416,AY064475.1
AAC40694__AF036710.1,AF036710.1_Rat parvovirus 1,74581,Rat parvovirus 1,Viruses;Parvoviridae;Parvovirinae;Protoparvovirus;Rodent protoparvovirus 2,AF036710.1,Rodent protoparvovirus 2,Rodent protoparvovirus 2,AF036710.1_Viruses;Parvoviridae;Parvovirinae;Protoparvovirus;Rodent protoparvovirus 2,AAC40694,AF036710.1
ACD37375__EU659111.1,EU659111.1_Feline panleukopenia virus,10786,Feline panleukopenia virus,Viruses;Parvoviridae;Parvovirinae;Protoparvovirus;Carnivore protoparvovirus 1,EU659111.1,Carnivore protoparvovirus 1,Carnivore protoparvovirus 1,EU659111.1_Viruses;Parvoviridae;Parvovirinae;Protoparvovirus;Carnivore protoparvovirus 1,ACD37375,EU659111.1
AEX30511__JN831651.1,JN831651.1_Porcine bocavirus 5/JS677,1131622,Porcine bocavirus 5/JS677,Viruses;Parvoviridae;Parvovirinae;Bocaparvovirus;unclassified Bocaparvovirus;Porcine bocavirus 5,JN831651.1,unclassified Bocaparvovirus,Porcine bocavirus 5,JN831651.1_Viruses;Parvoviridae;Parvovirinae;Bocaparvovirus;unclassified Bocaparvovirus;Porcine bocavirus 5,AEX30511,JN831651.1
AAO32086__AY186198.1,AY186198.1_Avian adeno-associated virus ATCC VR-865,219704,Avian adeno-associated virus ATCC VR-865,Viruses;Parvoviridae;Parvovirinae;Dependoparvovirus;Avian dependoparvovirus 1,AY186198.1,Avian dependoparvovirus 1,Avian dependoparvovirus 1,AY186198.1_Viruses;Parvoviridae;Parvovirinae;Dependoparvovirus;Avian dependoparvovirus 1,AAO32086,AY186198.1
ADM26648__HQ113143.1,HQ113143.1_Chimpanzee parv4,1511922,Chimpanzee parv4,Viruses;Parvoviridae;Parvovirinae;Tetraparvovirus;Primate tetraparvovirus 1,HQ113143.1,Primate tetraparvovirus 1,Primate tetraparvovirus 1,HQ113143.1_Viruses;Parvoviridae;Parvovirinae;Tetraparvovirus;Primate tetraparvovirus 1,ADM26648,HQ113143.1
AAC40229__U44978.1,U44978.1_Porcine parvovirus,10796,Porcine parvovirus,Viruses;Parvoviridae;Parvovirinae;Protoparvovirus;Ungulate protoparvovirus 1,U44978.1,Ungulate protoparvovirus 1,Ungulate protoparvovirus 1,U44978.1_Viruses;Parvoviridae;Parvovirinae;Protoparvovirus;Ungulate protoparvovirus 1,AAC40229,U44978.1
AEQ76796__JF504699.1,JF504699.1_Ovine hokovirus,1096142,Ovine hokovirus,Viruses;Parvoviridae;Parvovirinae;Tetraparvovirus;Ungulate tetraparvovirus 4,JF504699.1,Ungulate tetraparvovirus 4,Ungulate tetraparvovirus 4,JF504699.1_Viruses;Parvoviridae;Parvovirinae;Tetraparvovirus;Ungulate tetraparvovirus 4,AEQ76796,JF504699.1
ABY67682__EU200669.1,EU200669.1_Bovine hokovirus 1,494651,Bovine hokovirus 1,Viruses;Parvoviridae;Parvovirinae;Tetraparvovirus;Ungulate tetraparvovirus 1,EU200669.1,Ungulate tetraparvovirus 1,Ungulate tetraparvovirus 1,EU200669.1_Viruses;Parvoviridae;Parvovirinae;Tetraparvovirus;Ungulate tetraparvovirus 1,ABY67682,EU200669.1
AAL09673__AF406967.1,AF406967.1_Bovine parvovirus 3,172297,Bovine parvovirus 3,Viruses;Parvoviridae;Parvovirinae;Erythroparvovirus;Ungulate erythroparvovirus 1,AF406967.1,Ungulate erythroparvovirus 1,Ungulate erythroparvovirus 1,AF406967.1_Viruses;Parvoviridae;Parvovirinae;Erythroparvovirus;Ungulate erythroparvovirus 1,AAL09673,AF406967.1
AAA66612__M20036.1,M20036.1_Aleutian mink disease virus,28314,Aleutian mink disease virus,Viruses;Parvoviridae;Parvovirinae;Amdoparvovirus;Carnivore amdoparvovirus 1,M20036.1,Carnivore amdoparvovirus 1,Carnivore amdoparvovirus 1,M20036.1_Viruses;Parvoviridae;Parvovirinae;Amdoparvovirus;Carnivore amdoparvovirus 1,AAA66612,M20036.1
AID57413__KJ396347.1,KJ396347.1_Raccoon dog amdovirus,1513315,Raccoon dog amdovirus,Viruses;Parvoviridae;Parvovirinae;Amdoparvovirus;Carnivore amdoparvovirus 3,KJ396347.1,Carnivore amdoparvovirus 3,Carnivore amdoparvovirus 3,KJ396347.1_Viruses;Parvoviridae;Parvovirinae;Amdoparvovirus;Carnivore amdoparvovirus 3,AID57413,KJ396347.1
ADP36995__HQ223038.1,HQ223038.1_Bocavirus pig/SX/China/2010,912967,Bocavirus pig/SX/China/2010,Viruses;Parvoviridae;Parvovirinae;Bocaparvovirus;Ungulate bocaparvovirus 3;Porcine bocavirus SX,HQ223038.1,Ungulate bocaparvovirus 3,Porcine bocavirus SX,HQ223038.1_Viruses;Parvoviridae;Parvovirinae;Bocaparvovirus;Ungulate bocaparvovirus 3;Porcine bocavirus SX,ADP36995,HQ223038.1
ABY67706__EU200677.1,EU200677.1_Porcine hokovirus,494652,Porcine hokovirus,Viruses;Parvoviridae;Parvovirinae;Tetraparvovirus;Ungulate tetraparvovirus 2,EU200677.1,Ungulate tetraparvovirus 2,Ungulate tetraparvovirus 2,EU200677.1_Viruses;Parvoviridae;Parvovirinae;Tetraparvovirus;Ungulate tetraparvovirus 2,ABY67706,EU200677.1
AEI99166__HQ291308.1,HQ291308.1_Porcine bocavirus H18,1511887,Porcine bocavirus H18,Viruses;Parvoviridae;Parvovirinae;Bocaparvovirus;Ungulate bocaparvovirus 4,HQ291308.1,Ungulate bocaparvovirus 4,Ungulate bocaparvovirus 4,HQ291308.1_Viruses;Parvoviridae;Parvovirinae;Bocaparvovirus;Ungulate bocaparvovirus 4,AEI99166,HQ291308.1
AEP95278__JN202450.1,JN202450.1_Gray fox amdovirus,1093101,Gray fox amdovirus,Viruses;Parvoviridae;Parvovirinae;Amdoparvovirus;Carnivore amdoparvovirus 2,JN202450.1,Carnivore amdoparvovirus 2,Carnivore amdoparvovirus 2,JN202450.1_Viruses;Parvoviridae;Parvovirinae;Amdoparvovirus;Carnivore amdoparvovirus 2,AEP95278,JN202450.1
AIC77176__KJ631100.1,KJ631100.1_Tumor virus X,1507809,Tumor virus X,Viruses;Parvoviridae;Parvovirinae;Protoparvovirus;Rodent protoparvovirus 1,KJ631100.1,Rodent protoparvovirus 1,Rodent protoparvovirus 1,KJ631100.1_Viruses;Parvoviridae;Parvovirinae;Protoparvovirus;Rodent protoparvovirus 1,AIC77176,KJ631100.1
AGW95844__KC876004.1,KC876004.1_Pigeon parvovirus A,1399967,Pigeon parvovirus A,Viruses;Parvoviridae;unclassified Parvoviridae,KC876004.1,undef,unclassified Parvoviridae,KC876004.1_Viruses;Parvoviridae;unclassified Parvoviridae,AGW95844,KC876004.1
AAA83224__U22967.1,U22967.1_Muscovy duck parvovirus,37325,Muscovy duck parvovirus,Viruses;Parvoviridae;Parvovirinae;Dependoparvovirus;Anseriform dependoparvovirus 1;Duck parvovirus,U22967.1,Anseriform dependoparvovirus 1,Duck parvovirus,U22967.1_Viruses;Parvoviridae;Parvovirinae;Dependoparvovirus;Anseriform dependoparvovirus 1;Duck parvovirus,AAA83224,U22967.1
AAN03856__AF513852.1,AF513852.1_Adeno-associated virus - 8,202813,Adeno-associated virus - 8,Viruses;Parvoviridae;Parvovirinae;Dependoparvovirus;Adeno-associated dependoparvovirus A;Adeno-associated virus - 4,AF513852.1,Adeno-associated dependoparvovirus A,Adeno-associated virus - 4,AF513852.1_Viruses;Parvoviridae;Parvovirinae;Dependoparvovirus;Adeno-associated dependoparvovirus A;Adeno-associated virus - 4,AAN03856,AF513852.1
AAB95451__AF028705.1,AF028705.1_Adeno-associated virus 3B,68742,Adeno-associated virus 3B,Viruses;Parvoviridae;Parvovirinae;Dependoparvovirus;Adeno-associated dependoparvovirus A;Adeno-associated virus - 3,AF028705.1,Adeno-associated dependoparvovirus A,Adeno-associated virus - 3,AF028705.1_Viruses;Parvoviridae;Parvovirinae;Dependoparvovirus;Adeno-associated dependoparvovirus A;Adeno-associated virus - 3,AAB95451,AF028705.1
AAC03775__AF043303.1,AF043303.1_Adeno-associated virus - 2,10804,Adeno-associated virus - 2,Viruses;Parvoviridae;Parvovirinae;Dependoparvovirus;Adeno-associated dependoparvovirus A,AF043303.1,Adeno-associated dependoparvovirus A,Adeno-associated dependoparvovirus A,AF043303.1_Viruses;Parvoviridae;Parvovirinae;Dependoparvovirus;Adeno-associated dependoparvovirus A,AAC03775,AF043303.1
ABI16638__DQ813647.1,DQ813647.1_Adeno-associated virus 12,235458,Adeno-associated virus 12,Viruses;Parvoviridae;Parvovirinae;Dependoparvovirus;Adeno-associated dependoparvovirus A;Adeno-associated virus - 4,DQ813647.1,Adeno-associated dependoparvovirus A,Adeno-associated virus - 4,DQ813647.1_Viruses;Parvoviridae;Parvovirinae;Dependoparvovirus;Adeno-associated dependoparvovirus A;Adeno-associated virus - 4,ABI16638,DQ813647.1
ADD17085__GU226971.1,GU226971.1_Bat adeno-associated virus YNM,727962,Bat adeno-associated virus YNM,Viruses;Parvoviridae;Parvovirinae;Dependoparvovirus;Chiropteran dependoparvovirus 1,GU226971.1,Chiropteran dependoparvovirus 1,Chiropteran dependoparvovirus 1,GU226971.1_Viruses;Parvoviridae;Parvovirinae;Dependoparvovirus;Chiropteran dependoparvovirus 1,ADD17085,GU226971.1
AAD13755__AF085716.1,AF085716.1_Adeno-associated virus - 5,82300,Adeno-associated virus - 5,Viruses;Parvoviridae;Parvovirinae;Dependoparvovirus;Adeno-associated dependoparvovirus B,AF085716.1,Adeno-associated dependoparvovirus B,Adeno-associated dependoparvovirus B,AF085716.1_Viruses;Parvoviridae;Parvovirinae;Dependoparvovirus;Adeno-associated dependoparvovirus B,AAD13755,AF085716.1
AAR26464__AY388617.1,AY388617.1_Bovine adeno-associated virus,256548,Bovine adeno-associated virus,Viruses;Parvoviridae;Parvovirinae;Dependoparvovirus;Adeno-associated dependoparvovirus B,AY388617.1,Adeno-associated dependoparvovirus B,Adeno-associated dependoparvovirus B,AY388617.1_Viruses;Parvoviridae;Parvovirinae;Dependoparvovirus;Adeno-associated dependoparvovirus B,AAR26464,AY388617.1
AEM37643__JN420372.1,JN420372.1_California sea lion adeno-associated virus 1,1073950,California sea lion adeno-associated virus 1,Viruses;Parvoviridae;Parvovirinae;Dependoparvovirus;Pinniped dependoparvovirus 1,JN420372.1,Pinniped dependoparvovirus 1,Pinniped dependoparvovirus 1,JN420372.1_Viruses;Parvoviridae;Parvovirinae;Dependoparvovirus;Pinniped dependoparvovirus 1,AEM37643,JN420372.1
ADB20207__GQ387499.1,GQ387499.1_Porcine parvovirus 4,707546,Porcine parvovirus 4,Viruses;Parvoviridae;Parvovirinae;Copiparvovirus;Ungulate copiparvovirus 2,GQ387499.1,Ungulate copiparvovirus 2,Ungulate copiparvovirus 2,GQ387499.1_Viruses;Parvoviridae;Parvovirinae;Copiparvovirus;Ungulate copiparvovirus 2,ADB20207,GQ387499.1
AIZ50117__KP120516.1,KP120516.1_Slow loris parvovirus 1,1581151,Slow loris parvovirus 1,Viruses;Parvoviridae;unclassified Parvoviridae,KP120516.1,undef,unclassified Parvoviridae,KP120516.1_Viruses;Parvoviridae;unclassified Parvoviridae,AIZ50117,KP120516.1
AAR07954__AY349010.1,AY349010.1_Snake adeno-associated virus,252602,Snake adeno-associated virus,Viruses;Parvoviridae;Parvovirinae;Dependoparvovirus;Squamate dependoparvovirus 1,AY349010.1,Squamate dependoparvovirus 1,Squamate dependoparvovirus 1,AY349010.1_Viruses;Parvoviridae;Parvovirinae;Dependoparvovirus;Squamate dependoparvovirus 1,AAR07954,AY349010.1
AIE58040__KM035804.1,KM035804.1_Sesavirus CSL10538,1519097,Sesavirus CSL10538,Viruses;Parvoviridae;unclassified Parvoviridae,KM035804.1,undef,unclassified Parvoviridae,KM035804.1_Viruses;Parvoviridae;unclassified Parvoviridae,AIE58040,KM035804.1
AAL09671__AF406966.1,AF406966.1_Bovine parvovirus - 2,172296,Bovine parvovirus - 2,Viruses;Parvoviridae;Parvovirinae;Copiparvovirus;Ungulate copiparvovirus 1,AF406966.1,Ungulate copiparvovirus 1,Ungulate copiparvovirus 1,AF406966.1_Viruses;Parvoviridae;Parvovirinae;Copiparvovirus;Ungulate copiparvovirus 1,AAL09671,AF406966.1
YP_009508797__KU321654,KU321654_Miniopterus schreibersii bat bocavirus,1911554,Miniopterus schreibersii bat bocavirus,Viruses;Parvoviridae;Parvovirinae;Bocaparvovirus;Chiropteran bocaparvovirus 4,KU321654,Chiropteran bocaparvovirus 4,Chiropteran bocaparvovirus 4,KU321654_Viruses;Parvoviridae;Parvovirinae;Bocaparvovirus;Chiropteran bocaparvovirus 4,YP_009508797,KU321654
YP_009259490__KU172421,KU172421_Ungulate bocaparvovirus 6,1864484,Ungulate bocaparvovirus 6,Viruses;Parvoviridae;Parvovirinae;Bocaparvovirus,KU172421,undef,Bocaparvovirus,KU172421_Viruses;Parvoviridae;Parvovirinae;Bocaparvovirus,YP_009259490,KU172421
YP_009551693__KY214448,KY214448_Lupine bocavirus,2017714,Lupine bocavirus,Viruses;Parvoviridae;Parvovirinae;Bocaparvovirus;unclassified Bocaparvovirus,KY214448,unclassified Bocaparvovirus,unclassified Bocaparvovirus,KY214448_Viruses;Parvoviridae;Parvovirinae;Bocaparvovirus;unclassified Bocaparvovirus,YP_009551693,KY214448
YP_009389289__KY640438,KY640438_Dromedary camel bocaparvovirus 2,2014604,Dromedary camel bocaparvovirus 2,Viruses;Parvoviridae;Parvovirinae;Bocaparvovirus;unclassified Bocaparvovirus,KY640438,unclassified Bocaparvovirus,unclassified Bocaparvovirus,KY640438_Viruses;Parvoviridae;Parvovirinae;Bocaparvovirus;unclassified Bocaparvovirus,YP_009389289,KY640438
ASC49417__KY640455.1,KY640455.1_Dromedary camel bocaparvovirus 2,2014604,Dromedary camel bocaparvovirus 2,Viruses;Parvoviridae;Parvovirinae;Bocaparvovirus;unclassified Bocaparvovirus,KY640455.1,unclassified Bocaparvovirus,unclassified Bocaparvovirus,KY640455.1_Viruses;Parvoviridae;Parvovirinae;Bocaparvovirus;unclassified Bocaparvovirus,ASC49417,KY640455.1
AHK26969__KF025380.1,KF025380.1_Porcine bocavirus 3,1084715,Porcine bocavirus 3,Viruses;Parvoviridae;Parvovirinae;Bocaparvovirus;Ungulate bocaparvovirus 5,KF025380.1,Ungulate bocaparvovirus 5,Ungulate bocaparvovirus 5,KF025380.1_Viruses;Parvoviridae;Parvovirinae;Bocaparvovirus;Ungulate bocaparvovirus 5,AHK26969,KF025380.1
YP_009272913__KU950356,KU950356_Mink bocavirus 1,2259808,Mink bocavirus 1,Viruses;Parvoviridae;Parvovirinae;Bocaparvovirus;Carnivore bocaparvovirus 6,KU950356,Carnivore bocaparvovirus 6,Carnivore bocaparvovirus 6,KU950356_Viruses;Parvoviridae;Parvovirinae;Bocaparvovirus;Carnivore bocaparvovirus 6,YP_009272913,KU950356
AGS15053__KF206158.1,KF206158.1_Porcine bocavirus,1165907,Porcine bocavirus,Viruses;Parvoviridae;Parvovirinae;Bocaparvovirus;unclassified Bocaparvovirus,KF206158.1,unclassified Bocaparvovirus,unclassified Bocaparvovirus,KF206158.1_Viruses;Parvoviridae;Parvovirinae;Bocaparvovirus;unclassified Bocaparvovirus,AGS15053,KF206158.1
YP_009508789__KC339251,KC339251_Bat bocavirus WM40,2259810,Bat bocavirus WM40,Viruses;Parvoviridae;Parvovirinae;Bocaparvovirus;Chiropteran bocaparvovirus 2,KC339251,Chiropteran bocaparvovirus 2,Chiropteran bocaparvovirus 2,KC339251_Viruses;Parvoviridae;Parvovirinae;Bocaparvovirus;Chiropteran bocaparvovirus 2,YP_009508789,KC339251
YP_009508781__KM017744,KM017744_Feline bocaparvovirus 3,2259807,Feline bocaparvovirus 3,Viruses;Parvoviridae;Parvovirinae;Bocaparvovirus;Carnivore bocaparvovirus 5,KM017744,Carnivore bocaparvovirus 5,Carnivore bocaparvovirus 5,KM017744_Viruses;Parvoviridae;Parvovirinae;Bocaparvovirus;Carnivore bocaparvovirus 5,YP_009508781,KM017744
ASC49322__KY640427.1,KY640427.1_Dromedary camel bocaparvovirus 1,2014603,Dromedary camel bocaparvovirus 1,Viruses;Parvoviridae;Parvovirinae;Bocaparvovirus;unclassified Bocaparvovirus,KY640427.1,unclassified Bocaparvovirus,unclassified Bocaparvovirus,KY640427.1_Viruses;Parvoviridae;Parvovirinae;Bocaparvovirus;unclassified Bocaparvovirus,ASC49322,KY640427.1
YP_009553050__MF682925,MF682925_Rousettus leschenaultii bocaparvovirus 1,2053082,Rousettus leschenaultii bocaparvovirus 1,Viruses;Parvoviridae;Parvovirinae;Bocaparvovirus;unclassified Bocaparvovirus,MF682925,unclassified Bocaparvovirus,unclassified Bocaparvovirus,MF682925_Viruses;Parvoviridae;Parvovirinae;Bocaparvovirus;unclassified Bocaparvovirus,YP_009553050,MF682925
AUD40075__MF464269.1,MF464269.1_Himalayan marmot bocaparvovirus 2,2059415,Himalayan marmot bocaparvovirus 2,Viruses;Parvoviridae;Parvovirinae;Bocaparvovirus;unclassified Bocaparvovirus,MF464269.1,unclassified Bocaparvovirus,unclassified Bocaparvovirus,MF464269.1_Viruses;Parvoviridae;Parvovirinae;Bocaparvovirus;unclassified Bocaparvovirus,AUD40075,MF464269.1
AMD43872__KT592508.1,KT592508.1_Bat bocavirus,1329649,Bat bocavirus,Viruses;Parvoviridae;Parvovirinae;Bocaparvovirus;unclassified Bocaparvovirus,KT592508.1,unclassified Bocaparvovirus,unclassified Bocaparvovirus,KT592508.1_Viruses;Parvoviridae;Parvovirinae;Bocaparvovirus;unclassified Bocaparvovirus,AMD43872,KT592508.1
AYW35040__MH003836.1,MH003836.1_Rodent bocavirus,2137546,Rodent bocavirus,Viruses;Parvoviridae;Parvovirinae;Bocaparvovirus;unclassified Bocaparvovirus,MH003836.1,unclassified Bocaparvovirus,unclassified Bocaparvovirus,MH003836.1_Viruses;Parvoviridae;Parvovirinae;Bocaparvovirus;unclassified Bocaparvovirus,AYW35040,MH003836.1
C5IY43__undef,undef_Human bocavirus 4 NI,1511883,Human bocavirus 4 NI,Viruses;Parvoviridae;Parvovirinae;Bocaparvovirus;Primate bocaparvovirus 2,undef,Primate bocaparvovirus 2,Primate bocaparvovirus 2,undef_Viruses;Parvoviridae;Parvovirinae;Bocaparvovirus;Primate bocaparvovirus 2,C5IY43,undef
AWB14590__MF175080.1,MF175080.1_Murine bocavirus,2171381,Murine bocavirus,Viruses;Parvoviridae;Parvovirinae;Bocaparvovirus;unclassified Bocaparvovirus,MF175080.1,unclassified Bocaparvovirus,unclassified Bocaparvovirus,MF175080.1_Viruses;Parvoviridae;Parvovirinae;Bocaparvovirus;unclassified Bocaparvovirus,AWB14590,MF175080.1
AKG54800__KP281720.1,KP281720.1_Canine bocavirus,1108949,Canine bocavirus,Viruses;Parvoviridae;Parvovirinae;Bocaparvovirus;unclassified Bocaparvovirus,KP281720.1,unclassified Bocaparvovirus,unclassified Bocaparvovirus,KP281720.1_Viruses;Parvoviridae;Parvovirinae;Bocaparvovirus;unclassified Bocaparvovirus,AKG54800,KP281720.1
YP_009227290__KT454512,KT454512_Rat bocavirus,1788315,Rat bocavirus,Viruses;Parvoviridae;Parvovirinae;Bocaparvovirus;unclassified Bocaparvovirus,KT454512,unclassified Bocaparvovirus,unclassified Bocaparvovirus,KT454512_Viruses;Parvoviridae;Parvovirinae;Bocaparvovirus;unclassified Bocaparvovirus,YP_009227290,KT454512
AWV66970__MG693108.1,MG693108.1_Bat bocavirus,1329649,Bat bocavirus,Viruses;Parvoviridae;Parvovirinae;Bocaparvovirus;unclassified Bocaparvovirus,MG693108.1,unclassified Bocaparvovirus,unclassified Bocaparvovirus,MG693108.1_Viruses;Parvoviridae;Parvovirinae;Bocaparvovirus;unclassified Bocaparvovirus,AWV66970,MG693108.1
YP_009508793__KC339250,KC339250_Bat bocavirus XM30,2259811,Bat bocavirus XM30,Viruses;Parvoviridae;Parvovirinae;Bocaparvovirus;Chiropteran bocaparvovirus 3,KC339250,Chiropteran bocaparvovirus 3,Chiropteran bocaparvovirus 3,KC339250_Viruses;Parvoviridae;Parvovirinae;Bocaparvovirus;Chiropteran bocaparvovirus 3,YP_009508793,KC339250
AUF34940__MG383445.1,MG383445.1_Human bocavirus 3,638313,Human bocavirus 3,Viruses;Parvoviridae;Parvovirinae;Bocaparvovirus;Primate bocaparvovirus 1,MG383445.1,Primate bocaparvovirus 1,Primate bocaparvovirus 1,MG383445.1_Viruses;Parvoviridae;Parvovirinae;Bocaparvovirus;Primate bocaparvovirus 1,AUF34940,MG383445.1
YP_009508798__KU321654,KU321654_Miniopterus schreibersii bat bocavirus,1911554,Miniopterus schreibersii bat bocavirus,Viruses;Parvoviridae;Parvovirinae;Bocaparvovirus;Chiropteran bocaparvovirus 4,KU321654,Chiropteran bocaparvovirus 4,Chiropteran bocaparvovirus 4,KU321654_Viruses;Parvoviridae;Parvovirinae;Bocaparvovirus;Chiropteran bocaparvovirus 4,YP_009508798,KU321654
YP_009508785__JQ814850,JQ814850_Myotis myotis bocavirus 1,1195367,Myotis myotis bocavirus 1,Viruses;Parvoviridae;Parvovirinae;Bocaparvovirus;Chiropteran bocaparvovirus 1,JQ814850,Chiropteran bocaparvovirus 1,Chiropteran bocaparvovirus 1,JQ814850_Viruses;Parvoviridae;Parvovirinae;Bocaparvovirus;Chiropteran bocaparvovirus 1,YP_009508785,JQ814850
YP_009215301__KP729195,KP729195_Lagomorph bocaparvovirus 1,2169774,Lagomorph bocaparvovirus 1,Viruses;Parvoviridae;Parvovirinae;Bocaparvovirus,KP729195,undef,Bocaparvovirus,KP729195_Viruses;Parvoviridae;Parvovirinae;Bocaparvovirus,YP_009215301,KP729195
AGS15039__KF206154.1,KF206154.1_Porcine bocavirus,1165907,Porcine bocavirus,Viruses;Parvoviridae;Parvovirinae;Bocaparvovirus;unclassified Bocaparvovirus,KF206154.1,unclassified Bocaparvovirus,unclassified Bocaparvovirus,KF206154.1_Viruses;Parvoviridae;Parvovirinae;Bocaparvovirus;unclassified Bocaparvovirus,AGS15039,KF206154.1
AVR53758__MG745677.1,MG745677.1_Desmodus rotundus dependoparvovirus,2137542,Desmodus rotundus dependoparvovirus,Viruses;Parvoviridae;Parvovirinae;Dependoparvovirus;unclassified Dependoparvovirus,MG745677.1,unclassified Dependoparvovirus,unclassified Dependoparvovirus,MG745677.1_Viruses;Parvoviridae;Parvovirinae;Dependoparvovirus;unclassified Dependoparvovirus,AVR53758,MG745677.1
ASC49334__KY640430.1,KY640430.1_Dromedary camel bocaparvovirus 1,2014603,Dromedary camel bocaparvovirus 1,Viruses;Parvoviridae;Parvovirinae;Bocaparvovirus;unclassified Bocaparvovirus,KY640430.1,unclassified Bocaparvovirus,unclassified Bocaparvovirus,KY640430.1_Viruses;Parvoviridae;Parvovirinae;Bocaparvovirus;unclassified Bocaparvovirus,ASC49334,KY640430.1
AQR59123__KX133426.1,KX133426.1_Chicken parvovirus,1136878,Chicken parvovirus,Viruses;Parvoviridae;Parvovirinae;Aveparvovirus;Galliform aveparvovirus 1,KX133426.1,Galliform aveparvovirus 1,Galliform aveparvovirus 1,KX133426.1_Viruses;Parvoviridae;Parvovirinae;Aveparvovirus;Galliform aveparvovirus 1,AQR59123,KX133426.1
APC23164__KT961659.1,KT961659.1_Simian erythroparvovirus 2,1920706,Simian erythroparvovirus 2,Viruses;Parvoviridae;Parvovirinae;Erythroparvovirus;unclassified Erythroparvovirus,KT961659.1,unclassified Erythroparvovirus,unclassified Erythroparvovirus,KT961659.1_Viruses;Parvoviridae;Parvovirinae;Erythroparvovirus;unclassified Erythroparvovirus,APC23164,KT961659.1
AVR53768__MG745682.1,MG745682.1_Rodent bocavirus,2137546,Rodent bocavirus,Viruses;Parvoviridae;Parvovirinae;Bocaparvovirus;unclassified Bocaparvovirus,MG745682.1,unclassified Bocaparvovirus,unclassified Bocaparvovirus,MG745682.1_Viruses;Parvoviridae;Parvovirinae;Bocaparvovirus;unclassified Bocaparvovirus,AVR53768,MG745682.1
YP_009553047__MF682923,MF682923_Rhinolophus pusillus bocaparvovirus 2,2053080,Rhinolophus pusillus bocaparvovirus 2,Viruses;Parvoviridae;Parvovirinae;Bocaparvovirus;unclassified Bocaparvovirus,MF682923,unclassified Bocaparvovirus,unclassified Bocaparvovirus,MF682923_Viruses;Parvoviridae;Parvovirinae;Bocaparvovirus;unclassified Bocaparvovirus,YP_009553047,MF682923
YP_009058894__AB847987,AB847987_Bufavirus-3,1391667,Bufavirus-3,Viruses;Parvoviridae;Parvovirinae;unclassified Parvovirinae,AB847987,undef,unclassified Parvovirinae,AB847987_Viruses;Parvoviridae;Parvovirinae;unclassified Parvovirinae,YP_009058894,AB847987
AIW53333__KM254174.1,KM254174.1_Protoparvovirus HK-2014,1566336,Protoparvovirus HK-2014,Viruses;Parvoviridae;Parvovirinae;Protoparvovirus;unclassified Protoparvovirus,KM254174.1,unclassified Protoparvovirus,unclassified Protoparvovirus,KM254174.1_Viruses;Parvoviridae;Parvovirinae;Protoparvovirus;unclassified Protoparvovirus,AIW53333,KM254174.1
AVR53760__MG745678.1,MG745678.1_Rodent protoparvovirus 3,2137545,Rodent protoparvovirus 3,Viruses;Parvoviridae;Parvovirinae;Protoparvovirus,MG745678.1,undef,Protoparvovirus,MG745678.1_Viruses;Parvoviridae;Parvovirinae;Protoparvovirus,AVR53760,MG745678.1
AGS15077__KF206164.1,KF206164.1_Porcine bocavirus,1165907,Porcine bocavirus,Viruses;Parvoviridae;Parvovirinae;Bocaparvovirus;unclassified Bocaparvovirus,KF206164.1,unclassified Bocaparvovirus,unclassified Bocaparvovirus,KF206164.1_Viruses;Parvoviridae;Parvovirinae;Bocaparvovirus;unclassified Bocaparvovirus,AGS15077,KF206164.1
AHA86835__KF373759.1,KF373759.1_Seal parvovirus,1427158,Seal parvovirus,Viruses;Parvoviridae;Parvovirinae;Protoparvovirus;unclassified Protoparvovirus,KF373759.1,unclassified Protoparvovirus,unclassified Protoparvovirus,KF373759.1_Viruses;Parvoviridae;Parvovirinae;Protoparvovirus;unclassified Protoparvovirus,AHA86835,KF373759.1
YP_009010974__KF360033,KF360033_Porcine bocavirus,1165907,Porcine bocavirus,Viruses;Parvoviridae;Parvovirinae;Bocaparvovirus;unclassified Bocaparvovirus,KF360033,unclassified Bocaparvovirus,unclassified Bocaparvovirus,KF360033_Viruses;Parvoviridae;Parvovirinae;Bocaparvovirus;unclassified Bocaparvovirus,YP_009010974,KF360033
AEF33726__JF512473.1,JF512473.1_Porcine bocavirus 4/F41/N.Ireland/2004,1033267,Porcine bocavirus 4/F41/N.Ireland/2004,Viruses;Parvoviridae;Parvovirinae;Bocaparvovirus;unclassified Bocaparvovirus;Porcine bocavirus 4,JF512473.1,unclassified Bocaparvovirus,Porcine bocavirus 4,JF512473.1_Viruses;Parvoviridae;Parvovirinae;Bocaparvovirus;unclassified Bocaparvovirus;Porcine bocavirus 4,AEF33726,JF512473.1
AHK26987__KF025386.1,KF025386.1_Porcine bocavirus 3,1084715,Porcine bocavirus 3,Viruses;Parvoviridae;Parvovirinae;Bocaparvovirus;Ungulate bocaparvovirus 5,KF025386.1,Ungulate bocaparvovirus 5,Ungulate bocaparvovirus 5,KF025386.1_Viruses;Parvoviridae;Parvovirinae;Bocaparvovirus;Ungulate bocaparvovirus 5,AHK26987,KF025386.1
AGS15085__KF206166.1,KF206166.1_Porcine bocavirus,1165907,Porcine bocavirus,Viruses;Parvoviridae;Parvovirinae;Bocaparvovirus;unclassified Bocaparvovirus,KF206166.1,unclassified Bocaparvovirus,unclassified Bocaparvovirus,KF206166.1_Viruses;Parvoviridae;Parvovirinae;Bocaparvovirus;unclassified Bocaparvovirus,AGS15085,KF206166.1
ATV81500__MF682926.1,MF682926.1_Rhinolophus pusillus adeno-associated virus 1,2053182,Rhinolophus pusillus adeno-associated virus 1,Viruses;Parvoviridae;Parvovirinae;Dependoparvovirus;unclassified Dependoparvovirus,MF682926.1,unclassified Dependoparvovirus,unclassified Dependoparvovirus,MF682926.1_Viruses;Parvoviridae;Parvovirinae;Dependoparvovirus;unclassified Dependoparvovirus,ATV81500,MF682926.1
YP_009508802__JX627576,JX627576_Wuharv parvovirus 1,1245561,Wuharv parvovirus 1,Viruses;Parvoviridae;Parvovirinae;Protoparvovirus;Primate protoparvovirus 2,JX627576,Primate protoparvovirus 2,Primate protoparvovirus 2,JX627576_Viruses;Parvoviridae;Parvovirinae;Protoparvovirus;Primate protoparvovirus 2,YP_009508802,JX627576
AFD01617__JN798211.1,JN798211.1_Parvovirus 4-like MK-2012,1157691,Parvovirus 4-like MK-2012,Viruses;Parvoviridae;Parvovirinae;Protoparvovirus;unclassified Protoparvovirus,JN798211.1,unclassified Protoparvovirus,unclassified Protoparvovirus,JN798211.1_Viruses;Parvoviridae;Parvovirinae;Protoparvovirus;unclassified Protoparvovirus,AFD01617,JN798211.1
AFD01602__JN798204.1,JN798204.1_Parvovirus 4-like MK-2012,1157691,Parvovirus 4-like MK-2012,Viruses;Parvoviridae;Parvovirinae;Protoparvovirus;unclassified Protoparvovirus,JN798204.1,unclassified Protoparvovirus,unclassified Protoparvovirus,JN798204.1_Viruses;Parvoviridae;Parvovirinae;Protoparvovirus;unclassified Protoparvovirus,AFD01602,JN798204.1
ABV71710__EU175872.1,EU175872.1_Human parvovirus 4,289365,Human parvovirus 4,Viruses;Parvoviridae;Parvovirinae;Tetraparvovirus;Primate tetraparvovirus 1,EU175872.1,Primate tetraparvovirus 1,Primate tetraparvovirus 1,EU175872.1_Viruses;Parvoviridae;Parvovirinae;Tetraparvovirus;Primate tetraparvovirus 1,ABV71710,EU175872.1
QBA84896__MK378405.1,MK378405.1_Porcine parvovirus 6,1472911,Porcine parvovirus 6,Viruses;Parvoviridae;Parvovirinae;Protoparvovirus;unclassified Protoparvovirus,MK378405.1,unclassified Protoparvovirus,unclassified Protoparvovirus,MK378405.1_Viruses;Parvoviridae;Parvovirinae;Protoparvovirus;unclassified Protoparvovirus,QBA84896,MK378405.1
AVR53742__MG745670.1,MG745670.1_Rodent tetraparvovirus,2137541,Rodent tetraparvovirus,Viruses;Parvoviridae;Parvovirinae;Tetraparvovirus;unclassified Tetraparvovirus,MG745670.1,unclassified Tetraparvovirus,unclassified Tetraparvovirus,MG745670.1_Viruses;Parvoviridae;Parvovirinae;Tetraparvovirus;unclassified Tetraparvovirus,AVR53742,MG745670.1
YP_009508804__KT868811,KT868811_Cutavirus,1867125,Cutavirus,Viruses;Parvoviridae;Parvovirinae;Protoparvovirus;Primate protoparvovirus 3,KT868811,Primate protoparvovirus 3,Primate protoparvovirus 3,KT868811_Viruses;Parvoviridae;Parvovirinae;Protoparvovirus;Primate protoparvovirus 3,YP_009508804,KT868811
ATV81502__MF682927.1,MF682927.1_Rhinolophus sinicus adeno-associated virus 1,2053183,Rhinolophus sinicus adeno-associated virus 1,Viruses;Parvoviridae;Parvovirinae;Dependoparvovirus;unclassified Dependoparvovirus,MF682927.1,unclassified Dependoparvovirus,unclassified Dependoparvovirus,MF682927.1_Viruses;Parvoviridae;Parvovirinae;Dependoparvovirus;unclassified Dependoparvovirus,ATV81502,MF682927.1
ANY57893__KX272741.1,KX272741.1_Rat parvovirus 2,1885571,Rat parvovirus 2,Viruses;Parvoviridae;Parvovirinae;unclassified Parvovirinae;Chapparvovirus,KX272741.1,Chapparvovirus,Chapparvovirus,KX272741.1_Viruses;Parvoviridae;Parvovirinae;unclassified Parvovirinae;Chapparvovirus,ANY57893,KX272741.1
AQX45759__KX343069.1,KX343069.1_Bat bocavirus,1329649,Bat bocavirus,Viruses;Parvoviridae;Parvovirinae;Bocaparvovirus;unclassified Bocaparvovirus,KX343069.1,unclassified Bocaparvovirus,unclassified Bocaparvovirus,KX343069.1_Viruses;Parvoviridae;Parvovirinae;Bocaparvovirus;unclassified Bocaparvovirus,AQX45759,KX343069.1
YP_009315886__KT878837,KT878837_Tetraparvovirus sp.,1908804,Tetraparvovirus sp.,Viruses;Parvoviridae;Parvovirinae;Tetraparvovirus;unclassified Tetraparvovirus,KT878837,unclassified Tetraparvovirus,unclassified Tetraparvovirus,KT878837_Viruses;Parvoviridae;Parvovirinae;Tetraparvovirus;unclassified Tetraparvovirus,YP_009315886,KT878837
ATD50845__MF085373.1,MF085373.1_Porcine bocavirus,1165907,Porcine bocavirus,Viruses;Parvoviridae;Parvovirinae;Bocaparvovirus;unclassified Bocaparvovirus,MF085373.1,unclassified Bocaparvovirus,unclassified Bocaparvovirus,MF085373.1_Viruses;Parvoviridae;Parvovirinae;Bocaparvovirus;unclassified Bocaparvovirus,ATD50845,MF085373.1
APC23176__KT961665.1,KT961665.1_Simian bocavirus,2042693,Simian bocavirus,Viruses;Parvoviridae;Parvovirinae;Bocaparvovirus;unclassified Bocaparvovirus,KT961665.1,unclassified Bocaparvovirus,unclassified Bocaparvovirus,KT961665.1_Viruses;Parvoviridae;Parvovirinae;Bocaparvovirus;unclassified Bocaparvovirus,APC23176,KT961665.1
YP_009552823__KX583629,KX583629_Adeno-associated virus,272636,Adeno-associated virus,Viruses;Parvoviridae;Parvovirinae;Dependoparvovirus;unclassified Dependoparvovirus,KX583629,unclassified Dependoparvovirus,unclassified Dependoparvovirus,KX583629_Viruses;Parvoviridae;Parvovirinae;Dependoparvovirus;unclassified Dependoparvovirus,YP_009552823,KX583629
AXN94224__MG905225.1,MG905225.1_Rat bocavirus,1788315,Rat bocavirus,Viruses;Parvoviridae;Parvovirinae;Bocaparvovirus;unclassified Bocaparvovirus,MG905225.1,unclassified Bocaparvovirus,unclassified Bocaparvovirus,MG905225.1_Viruses;Parvoviridae;Parvovirinae;Bocaparvovirus;unclassified Bocaparvovirus,AXN94224,MG905225.1
YP_009186840__KT716186,KT716186_Rat bufavirus SY-2015,1763507,Rat bufavirus SY-2015,Viruses;Parvoviridae;Parvovirinae;Protoparvovirus;Rodent protoparvovirus 3,KT716186,Rodent protoparvovirus 3,Rodent protoparvovirus 3,KT716186_Viruses;Parvoviridae;Parvovirinae;Protoparvovirus;Rodent protoparvovirus 3,YP_009186840,KT716186
YP_009241376__LC085675,LC085675_Megabat bufavirus 1,1756191,Megabat bufavirus 1,Viruses;Parvoviridae;Parvovirinae;Protoparvovirus;Chiropteran protoparvovirus 1,LC085675,Chiropteran protoparvovirus 1,Chiropteran protoparvovirus 1,LC085675_Viruses;Parvoviridae;Parvovirinae;Protoparvovirus;Chiropteran protoparvovirus 1,YP_009241376,LC085675
AYX42281__MG821268.1,MG821268.1_Aleutian mink disease virus,28314,Aleutian mink disease virus,Viruses;Parvoviridae;Parvovirinae;Amdoparvovirus;Carnivore amdoparvovirus 1,MG821268.1,Carnivore amdoparvovirus 1,Carnivore amdoparvovirus 1,MG821268.1_Viruses;Parvoviridae;Parvovirinae;Amdoparvovirus;Carnivore amdoparvovirus 1,AYX42281,MG821268.1
AYX42268__MG821264.1,MG821264.1_Aleutian mink disease virus,28314,Aleutian mink disease virus,Viruses;Parvoviridae;Parvovirinae;Amdoparvovirus;Carnivore amdoparvovirus 1,MG821264.1,Carnivore amdoparvovirus 1,Carnivore amdoparvovirus 1,MG821264.1_Viruses;Parvoviridae;Parvovirinae;Amdoparvovirus;Carnivore amdoparvovirus 1,AYX42268,MG821264.1
AYX42262__MG821262.1,MG821262.1_Aleutian mink disease virus,28314,Aleutian mink disease virus,Viruses;Parvoviridae;Parvovirinae;Amdoparvovirus;Carnivore amdoparvovirus 1,MG821262.1,Carnivore amdoparvovirus 1,Carnivore amdoparvovirus 1,MG821262.1_Viruses;Parvoviridae;Parvovirinae;Amdoparvovirus;Carnivore amdoparvovirus 1,AYX42262,MG821262.1
AYX42259__MG821261.1,MG821261.1_Aleutian mink disease virus,28314,Aleutian mink disease virus,Viruses;Parvoviridae;Parvovirinae;Amdoparvovirus;Carnivore amdoparvovirus 1,MG821261.1,Carnivore amdoparvovirus 1,Carnivore amdoparvovirus 1,MG821261.1_Viruses;Parvoviridae;Parvovirinae;Amdoparvovirus;Carnivore amdoparvovirus 1,AYX42259,MG821261.1
AYX42244__MG821255.1,MG821255.1_Aleutian mink disease virus,28314,Aleutian mink disease virus,Viruses;Parvoviridae;Parvovirinae;Amdoparvovirus;Carnivore amdoparvovirus 1,MG821255.1,Carnivore amdoparvovirus 1,Carnivore amdoparvovirus 1,MG821255.1_Viruses;Parvoviridae;Parvovirinae;Amdoparvovirus;Carnivore amdoparvovirus 1,AYX42244,MG821255.1
AYX42205__MG821242.1,MG821242.1_Aleutian mink disease virus,28314,Aleutian mink disease virus,Viruses;Parvoviridae;Parvovirinae;Amdoparvovirus;Carnivore amdoparvovirus 1,MG821242.1,Carnivore amdoparvovirus 1,Carnivore amdoparvovirus 1,MG821242.1_Viruses;Parvoviridae;Parvovirinae;Amdoparvovirus;Carnivore amdoparvovirus 1,AYX42205,MG821242.1
AYX42190__MG821237.1,MG821237.1_Aleutian mink disease virus,28314,Aleutian mink disease virus,Viruses;Parvoviridae;Parvovirinae;Amdoparvovirus;Carnivore amdoparvovirus 1,MG821237.1,Carnivore amdoparvovirus 1,Carnivore amdoparvovirus 1,MG821237.1_Viruses;Parvoviridae;Parvovirinae;Amdoparvovirus;Carnivore amdoparvovirus 1,AYX42190,MG821237.1
YP_009361877__KX981923,KX981923_Skunk amdoparvovirus,1961072,Skunk amdoparvovirus,Viruses;Parvoviridae;Parvovirinae;Amdoparvovirus;Carnivore amdoparvovirus 4,KX981923,Carnivore amdoparvovirus 4,Carnivore amdoparvovirus 4,KX981923_Viruses;Parvoviridae;Parvovirinae;Amdoparvovirus;Carnivore amdoparvovirus 4,YP_009361877,KX981923
ATJ03467__MF285607.1,MF285607.1_Aleutian mink disease virus,28314,Aleutian mink disease virus,Viruses;Parvoviridae;Parvovirinae;Amdoparvovirus;Carnivore amdoparvovirus 1,MF285607.1,Carnivore amdoparvovirus 1,Carnivore amdoparvovirus 1,MF285607.1_Viruses;Parvoviridae;Parvovirinae;Amdoparvovirus;Carnivore amdoparvovirus 1,ATJ03467,MF285607.1
AQS80393__KX981980.1,KX981980.1_Aleutian mink disease virus,28314,Aleutian mink disease virus,Viruses;Parvoviridae;Parvovirinae;Amdoparvovirus;Carnivore amdoparvovirus 1,KX981980.1,Carnivore amdoparvovirus 1,Carnivore amdoparvovirus 1,KX981980.1_Viruses;Parvoviridae;Parvovirinae;Amdoparvovirus;Carnivore amdoparvovirus 1,AQS80393,KX981980.1
AQS80381__KX981976.1,KX981976.1_Aleutian mink disease virus,28314,Aleutian mink disease virus,Viruses;Parvoviridae;Parvovirinae;Amdoparvovirus;Carnivore amdoparvovirus 1,KX981976.1,Carnivore amdoparvovirus 1,Carnivore amdoparvovirus 1,KX981976.1_Viruses;Parvoviridae;Parvovirinae;Amdoparvovirus;Carnivore amdoparvovirus 1,AQS80381,KX981976.1
AQS80297__KX981922.1,KX981922.1_Skunk amdoparvovirus,1961072,Skunk amdoparvovirus,Viruses;Parvoviridae;Parvovirinae;Amdoparvovirus;Carnivore amdoparvovirus 4,KX981922.1,Carnivore amdoparvovirus 4,Carnivore amdoparvovirus 4,KX981922.1_Viruses;Parvoviridae;Parvovirinae;Amdoparvovirus;Carnivore amdoparvovirus 4,AQS80297,KX981922.1
AQS80292__KX981921.1,KX981921.1_Skunk amdoparvovirus,1961072,Skunk amdoparvovirus,Viruses;Parvoviridae;Parvovirinae;Amdoparvovirus;Carnivore amdoparvovirus 4,KX981921.1,Carnivore amdoparvovirus 4,Carnivore amdoparvovirus 4,KX981921.1_Viruses;Parvoviridae;Parvovirinae;Amdoparvovirus;Carnivore amdoparvovirus 4,AQS80292,KX981921.1
ALT55210__KU295527.1,KU295527.1_Aleutian mink disease virus,28314,Aleutian mink disease virus,Viruses;Parvoviridae;Parvovirinae;Amdoparvovirus;Carnivore amdoparvovirus 1,KU295527.1,Carnivore amdoparvovirus 1,Carnivore amdoparvovirus 1,KU295527.1_Viruses;Parvoviridae;Parvovirinae;Amdoparvovirus;Carnivore amdoparvovirus 1,ALT55210,KU295527.1
ALT55209__KU295526.1,KU295526.1_Aleutian mink disease virus,28314,Aleutian mink disease virus,Viruses;Parvoviridae;Parvovirinae;Amdoparvovirus;Carnivore amdoparvovirus 1,KU295526.1,Carnivore amdoparvovirus 1,Carnivore amdoparvovirus 1,KU295526.1_Viruses;Parvoviridae;Parvovirinae;Amdoparvovirus;Carnivore amdoparvovirus 1,ALT55209,KU295526.1
ALT55196__KU295513.1,KU295513.1_Aleutian mink disease virus,28314,Aleutian mink disease virus,Viruses;Parvoviridae;Parvovirinae;Amdoparvovirus;Carnivore amdoparvovirus 1,KU295513.1,Carnivore amdoparvovirus 1,Carnivore amdoparvovirus 1,KU295513.1_Viruses;Parvoviridae;Parvovirinae;Amdoparvovirus;Carnivore amdoparvovirus 1,ALT55196,KU295513.1
ACY54678__GU108231.1,GU108231.1_Aleutian mink disease virus,28314,Aleutian mink disease virus,Viruses;Parvoviridae;Parvovirinae;Amdoparvovirus;Carnivore amdoparvovirus 1,GU108231.1,Carnivore amdoparvovirus 1,Carnivore amdoparvovirus 1,GU108231.1_Viruses;Parvoviridae;Parvovirinae;Amdoparvovirus;Carnivore amdoparvovirus 1,ACY54678,GU108231.1
ALA40028__KT329428.1,KT329428.1_Aleutian mink disease virus,28314,Aleutian mink disease virus,Viruses;Parvoviridae;Parvovirinae;Amdoparvovirus;Carnivore amdoparvovirus 1,KT329428.1,Carnivore amdoparvovirus 1,Carnivore amdoparvovirus 1,KT329428.1_Viruses;Parvoviridae;Parvovirinae;Amdoparvovirus;Carnivore amdoparvovirus 1,ALA40028,KT329428.1
AME15900__KT878960.1,KT878960.1_Aleutian mink disease virus,28314,Aleutian mink disease virus,Viruses;Parvoviridae;Parvovirinae;Amdoparvovirus;Carnivore amdoparvovirus 1,KT878960.1,Carnivore amdoparvovirus 1,Carnivore amdoparvovirus 1,KT878960.1_Viruses;Parvoviridae;Parvovirinae;Amdoparvovirus;Carnivore amdoparvovirus 1,AME15900,KT878960.1
AME15895__KT878959.1,KT878959.1_Aleutian mink disease virus,28314,Aleutian mink disease virus,Viruses;Parvoviridae;Parvovirinae;Amdoparvovirus;Carnivore amdoparvovirus 1,KT878959.1,Carnivore amdoparvovirus 1,Carnivore amdoparvovirus 1,KT878959.1_Viruses;Parvoviridae;Parvovirinae;Amdoparvovirus;Carnivore amdoparvovirus 1,AME15895,KT878959.1
YP_009130650__AB937988,AB937988_Eulipotyphla protoparvovirus 1,2170148,Eulipotyphla protoparvovirus 1,Viruses;Parvoviridae;Parvovirinae;Protoparvovirus,AB937988,undef,Protoparvovirus,AB937988_Viruses;Parvoviridae;Parvovirinae;Protoparvovirus,YP_009130650,AB937988
QCS26863__MH645362.1,MH645362.1_Canine protoparvovirus,2172548,Canine protoparvovirus,Viruses;Parvoviridae;Parvovirinae;Protoparvovirus;unclassified Protoparvovirus,MH645362.1,unclassified Protoparvovirus,unclassified Protoparvovirus,MH645362.1_Viruses;Parvoviridae;Parvovirinae;Protoparvovirus;unclassified Protoparvovirus,QCS26863,MH645362.1
QBJ04592__MK513532.1,MK513532.1_Tasmanian devil-associated chapparvovirus 5,2529486,Tasmanian devil-associated chapparvovirus 5,Viruses;Parvoviridae;Parvovirinae;unclassified Parvovirinae;Chapparvovirus;unclassified Chapparvovirus,MK513532.1,Chapparvovirus,unclassified Chapparvovirus,MK513532.1_Viruses;Parvoviridae;Parvovirinae;unclassified Parvovirinae;Chapparvovirus;unclassified Chapparvovirus,QBJ04592,MK513532.1
ADN44566__GQ869543.1,GQ869543.1_Porcine hokovirus,494652,Porcine hokovirus,Viruses;Parvoviridae;Parvovirinae;Tetraparvovirus;Ungulate tetraparvovirus 2,GQ869543.1,Ungulate tetraparvovirus 2,Ungulate tetraparvovirus 2,GQ869543.1_Viruses;Parvoviridae;Parvovirinae;Tetraparvovirus;Ungulate tetraparvovirus 2,ADN44566,GQ869543.1
ADN44563__GQ869542.1,GQ869542.1_Porcine hokovirus,494652,Porcine hokovirus,Viruses;Parvoviridae;Parvovirinae;Tetraparvovirus;Ungulate tetraparvovirus 2,GQ869542.1,Ungulate tetraparvovirus 2,Ungulate tetraparvovirus 2,GQ869542.1_Viruses;Parvoviridae;Parvovirinae;Tetraparvovirus;Ungulate tetraparvovirus 2,ADN44563,GQ869542.1
AVR53744__MG745671.1,MG745671.1_Opossum tetraparvovirus,2137540,Opossum tetraparvovirus,Viruses;Parvoviridae;Parvovirinae;Tetraparvovirus;unclassified Tetraparvovirus,MG745671.1,unclassified Tetraparvovirus,unclassified Tetraparvovirus,MG745671.1_Viruses;Parvoviridae;Parvovirinae;Tetraparvovirus;unclassified Tetraparvovirus,AVR53744,MG745671.1
QDH44604__MK736656.1,MK736656.1_Goose parvovirus,38251,Goose parvovirus,Viruses;Parvoviridae;Parvovirinae;Dependoparvovirus;Anseriform dependoparvovirus 1,MK736656.1,Anseriform dependoparvovirus 1,Anseriform dependoparvovirus 1,MK736656.1_Viruses;Parvoviridae;Parvovirinae;Dependoparvovirus;Anseriform dependoparvovirus 1,QDH44604,MK736656.1
YP_005097851__JQ037754,JQ037754_Artibeus jamaicensis parvovirus 1,1131485,Artibeus jamaicensis parvovirus 1,Viruses;Parvoviridae;Parvovirinae;unclassified Parvovirinae,JQ037754,undef,unclassified Parvovirinae,JQ037754_Viruses;Parvoviridae;Parvovirinae;unclassified Parvovirinae,YP_005097851,JQ037754
AIT18928__KJ495710.1,KJ495710.1_Tusavirus 1,1560340,Tusavirus 1,Viruses;Parvoviridae;Parvovirinae;Protoparvovirus;unclassified Protoparvovirus,KJ495710.1,unclassified Protoparvovirus,unclassified Protoparvovirus,KJ495710.1_Viruses;Parvoviridae;Parvovirinae;Protoparvovirus;unclassified Protoparvovirus,AIT18928,KJ495710.1
YP_009552695__MF682922,MF682922_Rhinolophus pusillus bocaparvovirus 1,2053079,Rhinolophus pusillus bocaparvovirus 1,Viruses;Parvoviridae;Parvovirinae;Bocaparvovirus;unclassified Bocaparvovirus,MF682922,unclassified Bocaparvovirus,unclassified Bocaparvovirus,MF682922_Viruses;Parvoviridae;Parvovirinae;Bocaparvovirus;unclassified Bocaparvovirus,YP_009552695,MF682922
BAR72999__LC011425.1,LC011425.1_Mfuwe bufavirus,1580060,Mfuwe bufavirus,Viruses;Parvoviridae;Parvovirinae;Protoparvovirus;unclassified Protoparvovirus,LC011425.1,unclassified Protoparvovirus,unclassified Protoparvovirus,LC011425.1_Viruses;Parvoviridae;Parvovirinae;Protoparvovirus;unclassified Protoparvovirus,BAR72999,LC011425.1
CAA66227__X97629.1,X97629.1_Aleutian mink disease virus,28314,Aleutian mink disease virus,Viruses;Parvoviridae;Parvovirinae;Amdoparvovirus;Carnivore amdoparvovirus 1,X97629.1,Carnivore amdoparvovirus 1,Carnivore amdoparvovirus 1,X97629.1_Viruses;Parvoviridae;Parvovirinae;Amdoparvovirus;Carnivore amdoparvovirus 1,CAA66227,X97629.1
AVR53746__MG745672.1,MG745672.1_Pileated finch aveparvovirus,2137544,Pileated finch aveparvovirus,Viruses;Parvoviridae;Parvovirinae;Aveparvovirus;unclassified Aveparvovirus,MG745672.1,unclassified Aveparvovirus,unclassified Aveparvovirus,MG745672.1_Viruses;Parvoviridae;Parvovirinae;Aveparvovirus;unclassified Aveparvovirus,AVR53746,MG745672.1
AWO81967__MG345028.1,MG345028.1_Porcine parvovirus 5,1241957,Porcine parvovirus 5,Viruses;Parvoviridae;Parvovirinae;Protoparvovirus;unclassified Protoparvovirus,MG345028.1,unclassified Protoparvovirus,unclassified Protoparvovirus,MG345028.1_Viruses;Parvoviridae;Parvovirinae;Protoparvovirus;unclassified Protoparvovirus,AWO81967,MG345028.1
YP_009666130__KT965075,KT965075_Protoparvovirus Zsana/2013/HUN,1755694,Protoparvovirus Zsana/2013/HUN,Viruses;Parvoviridae;Parvovirinae;Protoparvovirus;Ungulate protoparvovirus 2,KT965075,Ungulate protoparvovirus 2,Ungulate protoparvovirus 2,KT965075_Viruses;Parvoviridae;Parvovirinae;Protoparvovirus;Ungulate protoparvovirus 2,YP_009666130,KT965075
AIF74237__KJ641680.1,KJ641680.1_Bat parvovirus,1514704,Bat parvovirus,Viruses;Parvoviridae;Parvovirinae;unclassified Parvovirinae,KJ641680.1,undef,unclassified Parvovirinae,KJ641680.1_Viruses;Parvoviridae;Parvovirinae;unclassified Parvovirinae,AIF74237,KJ641680.1
YP_009315908__KT878839,KT878839_Amdoparvovirus sp.,1908805,Amdoparvovirus sp.,Viruses;Parvoviridae;Parvovirinae;Amdoparvovirus;unclassified Amdoparvovirus,KT878839,unclassified Amdoparvovirus,unclassified Amdoparvovirus,KT878839_Viruses;Parvoviridae;Parvovirinae;Amdoparvovirus;unclassified Amdoparvovirus,YP_009315908,KT878839
AUQ23249__KY564173.1,KY564173.1_Amdoparvovirus sp.,1908805,Amdoparvovirus sp.,Viruses;Parvoviridae;Parvovirinae;Amdoparvovirus;unclassified Amdoparvovirus,KY564173.1,unclassified Amdoparvovirus,unclassified Amdoparvovirus,KY564173.1_Viruses;Parvoviridae;Parvovirinae;Amdoparvovirus;unclassified Amdoparvovirus,AUQ23249,KY564173.1
YP_009552775__MH500789,MH500789_Equine parvovirus H,2079554,Equine parvovirus H,Viruses;Parvoviridae;Parvovirinae;unclassified Parvovirinae,MH500789,undef,unclassified Parvovirinae,MH500789_Viruses;Parvoviridae;Parvovirinae;unclassified Parvovirinae,YP_009552775,MH500789
QBM79591__MK091524.1,MK091524.1_Roe deer copiparvovirus,2555547,Roe deer copiparvovirus,Viruses;Parvoviridae;Parvovirinae;Copiparvovirus;unclassified Copiparvovirus,MK091524.1,unclassified Copiparvovirus,unclassified Copiparvovirus,MK091524.1_Viruses;Parvoviridae;Parvovirinae;Copiparvovirus;unclassified Copiparvovirus,QBM79591,MK091524.1
ATX68205__MF444157.1,MF444157.1_Aleutian mink disease virus,28314,Aleutian mink disease virus,Viruses;Parvoviridae;Parvovirinae;Amdoparvovirus;Carnivore amdoparvovirus 1,MF444157.1,Carnivore amdoparvovirus 1,Carnivore amdoparvovirus 1,MF444157.1_Viruses;Parvoviridae;Parvovirinae;Amdoparvovirus;Carnivore amdoparvovirus 1,ATX68205,MF444157.1
ATX68203__MF444155.1,MF444155.1_Aleutian mink disease virus,28314,Aleutian mink disease virus,Viruses;Parvoviridae;Parvovirinae;Amdoparvovirus;Carnivore amdoparvovirus 1,MF444155.1,Carnivore amdoparvovirus 1,Carnivore amdoparvovirus 1,MF444155.1_Viruses;Parvoviridae;Parvovirinae;Amdoparvovirus;Carnivore amdoparvovirus 1,ATX68203,MF444155.1
ATX68201__MF362633.1,MF362633.1_Aleutian mink disease virus,28314,Aleutian mink disease virus,Viruses;Parvoviridae;Parvovirinae;Amdoparvovirus;Carnivore amdoparvovirus 1,MF362633.1,Carnivore amdoparvovirus 1,Carnivore amdoparvovirus 1,MF362633.1_Viruses;Parvoviridae;Parvovirinae;Amdoparvovirus;Carnivore amdoparvovirus 1,ATX68201,MF362633.1
AUD40071__MF464268.1,MF464268.1_Himalayan marmot bocaparvovirus 1,2059413,Himalayan marmot bocaparvovirus 1,Viruses;Parvoviridae;Parvovirinae;Bocaparvovirus;unclassified Bocaparvovirus,MF464268.1,unclassified Bocaparvovirus,unclassified Bocaparvovirus,MF464268.1_Viruses;Parvoviridae;Parvovirinae;Bocaparvovirus;unclassified Bocaparvovirus,AUD40071,MF464268.1
QBJ04579__MK513525.1,MK513525.1_Tasmanian devil-associated bocavirus 1,2529488,Tasmanian devil-associated bocavirus 1,Viruses;Parvoviridae;Parvovirinae;Bocaparvovirus;unclassified Bocaparvovirus,MK513525.1,unclassified Bocaparvovirus,unclassified Bocaparvovirus,MK513525.1_Viruses;Parvoviridae;Parvovirinae;Bocaparvovirus;unclassified Bocaparvovirus,QBJ04579,MK513525.1
AUF34951__MG383448.1,MG383448.1_Human bocavirus,329641,Human bocavirus,Viruses;Parvoviridae;Parvovirinae;Bocaparvovirus;unclassified Bocaparvovirus,MG383448.1,unclassified Bocaparvovirus,unclassified Bocaparvovirus,MG383448.1_Viruses;Parvoviridae;Parvovirinae;Bocaparvovirus;unclassified Bocaparvovirus,AUF34951,MG383448.1
AWB14637__MF416383.1,MF416383.1_Murine adeno-associated virus 1,2171377,Murine adeno-associated virus 1,Viruses;Parvoviridae;Parvovirinae;Dependoparvovirus;unclassified Dependoparvovirus,MF416383.1,unclassified Dependoparvovirus,unclassified Dependoparvovirus,MF416383.1_Viruses;Parvoviridae;Parvovirinae;Dependoparvovirus;unclassified Dependoparvovirus,AWB14637,MF416383.1
AIF74198__KJ641663.1,KJ641663.1_Bat parvovirus,1514704,Bat parvovirus,Viruses;Parvoviridae;Parvovirinae;unclassified Parvovirinae,KJ641663.1,undef,unclassified Parvovirinae,KJ641663.1_Viruses;Parvoviridae;Parvovirinae;unclassified Parvovirinae,AIF74198,KJ641663.1
YP_009154712__KP733794,KP733794_Bearded dragon parvovirus,1670662,Bearded dragon parvovirus,Viruses;Parvoviridae;Parvovirinae;Dependoparvovirus;unclassified Dependoparvovirus,KP733794,unclassified Dependoparvovirus,unclassified Dependoparvovirus,KP733794_Viruses;Parvoviridae;Parvovirinae;Dependoparvovirus;unclassified Dependoparvovirus,YP_009154712,KP733794
AWB14639__MF416384.1,MF416384.1_Murine adeno-associated virus 2,2171378,Murine adeno-associated virus 2,Viruses;Parvoviridae;Parvovirinae;Dependoparvovirus;unclassified Dependoparvovirus,MF416384.1,unclassified Dependoparvovirus,unclassified Dependoparvovirus,MF416384.1_Viruses;Parvoviridae;Parvovirinae;Dependoparvovirus;unclassified Dependoparvovirus,AWB14639,MF416384.1
AXQ03905__MG522847.1,MG522847.1_Human bocavirus,329641,Human bocavirus,Viruses;Parvoviridae;Parvovirinae;Bocaparvovirus;unclassified Bocaparvovirus,MG522847.1,unclassified Bocaparvovirus,unclassified Bocaparvovirus,MG522847.1_Viruses;Parvoviridae;Parvovirinae;Bocaparvovirus;unclassified Bocaparvovirus,AXQ03905,MG522847.1
AME15917__KT878967.1,KT878967.1_Aleutian mink disease virus,28314,Aleutian mink disease virus,Viruses;Parvoviridae;Parvovirinae;Amdoparvovirus;Carnivore amdoparvovirus 1,KT878967.1,Carnivore amdoparvovirus 1,Carnivore amdoparvovirus 1,KT878967.1_Viruses;Parvoviridae;Parvovirinae;Amdoparvovirus;Carnivore amdoparvovirus 1,AME15917,KT878967.1
AIF74245__KJ641683.1,KJ641683.1_Bat parvovirus,1514704,Bat parvovirus,Viruses;Parvoviridae;Parvovirinae;unclassified Parvovirinae,KJ641683.1,undef,unclassified Parvovirinae,KJ641683.1_Viruses;Parvoviridae;Parvovirinae;unclassified Parvovirinae,AIF74245,KJ641683.1
AZP54391__MK026553.1,MK026553.1_Marsupial adeno-associated virus 1,2497568,Marsupial adeno-associated virus 1,Viruses;Parvoviridae;Parvovirinae;Dependoparvovirus;unclassified Dependoparvovirus,MK026553.1,unclassified Dependoparvovirus,unclassified Dependoparvovirus,MK026553.1_Viruses;Parvoviridae;Parvovirinae;Dependoparvovirus;unclassified Dependoparvovirus,AZP54391,MK026553.1
BAR42282__LC011438.1,LC011438.1_Solwezi bufavirus,1580061,Solwezi bufavirus,Viruses;Parvoviridae;Parvovirinae;Protoparvovirus;unclassified Protoparvovirus,LC011438.1,unclassified Protoparvovirus,unclassified Protoparvovirus,LC011438.1_Viruses;Parvoviridae;Parvovirinae;Protoparvovirus;unclassified Protoparvovirus,BAR42282,LC011438.1
QBA84386__MK378116.1,MK378116.1_Porcine bocavirus 3,1084715,Porcine bocavirus 3,Viruses;Parvoviridae;Parvovirinae;Bocaparvovirus;Ungulate bocaparvovirus 5,MK378116.1,Ungulate bocaparvovirus 5,Ungulate bocaparvovirus 5,MK378116.1_Viruses;Parvoviridae;Parvovirinae;Bocaparvovirus;Ungulate bocaparvovirus 5,QBA84386,MK378116.1
ATI09457__MF593479.1,MF593479.1_Camel bocavirus 3,2036691,Camel bocavirus 3,Viruses;Parvoviridae;Parvovirinae;Bocaparvovirus;unclassified Bocaparvovirus,MF593479.1,unclassified Bocaparvovirus,unclassified Bocaparvovirus,MF593479.1_Viruses;Parvoviridae;Parvovirinae;Bocaparvovirus;unclassified Bocaparvovirus,ATI09457,MF593479.1
AKI82155__KR261072.1,KR261072.1_Parvovirus fur seal/ATROP41/BR/2012,1659801,Parvovirus fur seal/ATROP41/BR/2012,Viruses;Parvoviridae;Parvovirinae;unclassified Parvovirinae,KR261072.1,undef,unclassified Parvovirinae,KR261072.1_Viruses;Parvoviridae;Parvovirinae;unclassified Parvovirinae,AKI82155,KR261072.1
AYX42283__MG821269.1,MG821269.1_Aleutian mink disease virus,28314,Aleutian mink disease virus,Viruses;Parvoviridae;Parvovirinae;Amdoparvovirus;Carnivore amdoparvovirus 1,MG821269.1,Carnivore amdoparvovirus 1,Carnivore amdoparvovirus 1,MG821269.1_Viruses;Parvoviridae;Parvovirinae;Amdoparvovirus;Carnivore amdoparvovirus 1,AYX42283,MG821269.1
QBA84372__MK378107.1,MK378107.1_Porcine bocavirus 3,1084715,Porcine bocavirus 3,Viruses;Parvoviridae;Parvovirinae;Bocaparvovirus;Ungulate bocaparvovirus 5,MK378107.1,Ungulate bocaparvovirus 5,Ungulate bocaparvovirus 5,MK378107.1_Viruses;Parvoviridae;Parvovirinae;Bocaparvovirus;Ungulate bocaparvovirus 5,QBA84372,MK378107.1
BAU69595__LC085666.1,LC085666.1_Megabat bufavirus 2,1756189,Megabat bufavirus 2,Viruses;Parvoviridae;Parvovirinae;Protoparvovirus;unclassified Protoparvovirus,LC085666.1,unclassified Protoparvovirus,unclassified Protoparvovirus,LC085666.1_Viruses;Parvoviridae;Parvovirinae;Protoparvovirus;unclassified Protoparvovirus,BAU69595,LC085666.1
